SUMLEV,STATE,COUNTY,STNAME,CTYNAME,YEAR,POPESTIMATE,POPEST_MALE,POPEST_FEM,UNDER5_TOT,UNDER5_MALE,UNDER5_FEM,AGE513_TOT,AGE513_MALE,AGE513_FEM,AGE1417_TOT,AGE1417_MALE,AGE1417_FEM,AGE1824_TOT,AGE1824_MALE,AGE1824_FEM,AGE16PLUS_TOT,AGE16PLUS_MALE,AGE16PLUS_FEM,AGE18PLUS_TOT,AGE18PLUS_MALE,AGE18PLUS_FEM,AGE1544_TOT,AGE1544_MALE,AGE1544_FEM,AGE2544_TOT,AGE2544_MALE,AGE2544_FEM,AGE4564_TOT,AGE4564_MALE,AGE4564_FEM,AGE65PLUS_TOT,AGE65PLUS_MALE,AGE65PLUS_FEM,AGE04_TOT,AGE04_MALE,AGE04_FEM,AGE59_TOT,AGE59_MALE,AGE59_FEM,AGE1014_TOT,AGE1014_MALE,AGE1014_FEM,AGE1519_TOT,AGE1519_MALE,AGE1519_FEM,AGE2024_TOT,AGE2024_MALE,AGE2024_FEM,AGE2529_TOT,AGE2529_MALE,AGE2529_FEM,AGE3034_TOT,AGE3034_MALE,AGE3034_FEM,AGE3539_TOT,AGE3539_MALE,AGE3539_FEM,AGE4044_TOT,AGE4044_MALE,AGE4044_FEM,AGE4549_TOT,AGE4549_MALE,AGE4549_FEM,AGE5054_TOT,AGE5054_MALE,AGE5054_FEM,AGE5559_TOT,AGE5559_MALE,AGE5559_FEM,AGE6064_TOT,AGE6064_MALE,AGE6064_FEM,AGE6569_TOT,AGE6569_MALE,AGE6569_FEM,AGE7074_TOT,AGE7074_MALE,AGE7074_FEM,AGE7579_TOT,AGE7579_MALE,AGE7579_FEM,AGE8084_TOT,AGE8084_MALE,AGE8084_FEM,AGE85PLUS_TOT,AGE85PLUS_MALE,AGE85PLUS_FEM,MEDIAN_AGE_TOT,MEDIAN_AGE_MALE,MEDIAN_AGE_FEM
050,36,001,New York,Albany County,1,314840,152172,162668,14895,7605,7290,29843,15350,14493,14155,7185,6970,37956,18492,19464,263223,125781,137442,255947,122032,133915,130666,64301,66365,81967,40342,41625,80308,38896,41412,55716,24302,31414,14895,7605,7290,16351,8440,7911,16904,8628,8276,23514,11546,11968,25185,12413,12772,22416,11234,11182,21607,10638,10969,20186,9791,10395,17758,8679,9079,17275,8433,8842,19640,9490,10150,22074,10718,11356,21319,10255,11064,18325,8704,9621,14737,6735,8002,9281,4030,5251,6126,2465,3661,7247,2368,4879,39.1,37.8,40.3
050,36,001,New York,Albany County,2,314293,151904,162389,14848,7579,7269,29755,15303,14452,14065,7150,6915,38289,18627,19662,262861,125588,137273,255625,121872,133753,130737,64300,66437,81764,40243,41521,79729,38590,41139,55843,24412,31431,14848,7579,7269,16277,8417,7860,16859,8606,8253,23583,11555,12028,25390,12502,12888,22117,11073,11044,21628,10662,10966,20167,9801,10366,17852,8707,9145,17063,8320,8743,19540,9464,10076,21897,10606,11291,21229,10200,11029,18375,8748,9627,14893,6798,8095,9309,4042,5267,6141,2480,3661,7125,2344,4781,39.0,37.7,40.3
050,36,001,New York,Albany County,3,316195,152538,163657,14466,7341,7125,29355,15006,14349,13822,7074,6748,41068,19831,21237,265677,126720,138957,258552,123117,135435,133786,65685,68101,82207,40534,41673,77854,37564,40290,57423,25188,32235,14466,7341,7125,15955,8213,7742,16711,8547,8164,24810,12079,12731,26769,13072,13697,21462,10780,10682,22023,10887,11136,20342,9998,10344,18380,8869,9511,16498,8028,8470,19269,9412,9857,21047,10092,10955,21040,10032,11008,18656,8921,9735,15701,7165,8536,9659,4237,5422,6287,2543,3744,7120,2322,4798,38.9,37.6,40.1
050,36,001,New York,Albany County,4,315764,152156,163608,14240,7226,7014,28896,14754,14142,13755,7071,6684,42242,20364,21878,265893,126669,139224,258873,123105,135768,134015,65822,68193,81414,40123,41291,76133,36637,39496,59084,25981,33103,14240,7226,7014,15730,8132,7598,16562,8358,8204,24702,12166,12536,27899,13533,14366,20297,10252,10045,21818,10724,11094,20460,10084,10376,18839,9063,9776,16262,7870,8392,18706,9106,9600,20369,9783,10586,20796,9878,10918,18887,8997,9890,15739,7213,8526,10747,4793,5954,6568,2639,3929,7143,2339,4804,39.0,37.8,40.3
050,36,001,New York,Albany County,5,317590,153125,164465,14111,7137,6974,28867,14786,14081,13732,7095,6637,43858,21164,22694,267859,127773,140086,260880,124107,136773,135664,66733,68931,81421,40138,41283,74849,36098,38751,60752,26707,34045,14111,7137,6974,15605,8086,7519,16609,8364,8245,24865,12314,12551,29378,14281,15097,19573,9787,9786,21780,10771,11009,20845,10312,10533,19223,9268,9955,16601,8105,8496,18041,8753,9288,19753,9481,10272,20454,9759,10695,19079,9034,10045,15985,7357,8628,11385,5086,6299,7017,2840,4177,7286,2390,4896,39.0,37.8,40.3
050,36,001,New York,Albany County,6,319702,154591,165111,14151,7216,6935,28599,14685,13914,13744,7058,6686,45069,21965,23104,270187,129335,140852,263208,125632,137576,137510,68013,69497,82107,40653,41454,73681,35627,38054,62351,27387,34964,14151,7216,6935,15402,7947,7455,16607,8401,8206,24572,12222,12350,30831,15138,15693,19045,9548,9497,21862,10871,10991,21461,10686,10775,19739,9548,10191,16947,8327,8620,17317,8366,8951,19004,9131,9873,20413,9803,10610,19142,9005,10137,16246,7482,8764,12196,5442,6754,7315,2967,4348,7452,2491,4961,39.0,37.7,40.3
050,36,001,New York,Albany County,7,321225,155478,165747,13999,7157,6842,28396,14636,13760,13689,6934,6755,45483,22334,23149,272080,130340,141740,265141,126751,138390,138533,68574,69959,82696,40983,41713,73244,35472,37772,63718,27962,35756,13999,7157,6842,15217,7908,7309,16514,8405,8109,24532,12117,12415,31305,15474,15831,19389,9614,9775,21519,10849,10670,21817,10809,11008,19971,9711,10260,17555,8570,8985,16862,8176,8686,18442,8872,9570,20385,9854,10531,19050,8863,10187,16490,7637,8853,12993,5755,7238,7573,3121,4452,7612,2586,5026,39.1,37.8,40.4
050,36,003,New York,Allegany County,1,46458,23696,22762,2420,1229,1191,4852,2496,2356,2328,1249,1079,6961,3855,3106,38040,19364,18676,36858,18722,18136,18176,9591,8585,9452,4782,4670,11346,5690,5656,9099,4395,4704,2420,1229,1191,2639,1415,1224,2778,1376,1402,4315,2423,1892,4409,2386,2023,2276,1175,1101,2376,1215,1161,2452,1191,1261,2348,1201,1147,2367,1181,1186,2537,1254,1283,3157,1586,1571,3285,1669,1616,2993,1474,1519,2447,1244,1203,1593,791,802,1067,493,574,999,393,606,39.2,37.7,40.5
050,36,003,New York,Allegany County,2,46385,23658,22727,2429,1222,1207,4824,2483,2341,2325,1243,1082,6969,3857,3112,37992,19353,18639,36807,18710,18097,18173,9585,8588,9444,4777,4667,11273,5654,5619,9121,4422,4699,2429,1222,1207,2616,1401,1215,2773,1374,1399,4302,2420,1882,4427,2388,2039,2282,1178,1104,2359,1206,1153,2455,1193,1262,2348,1200,1148,2343,1178,1165,2533,1251,1282,3126,1566,1560,3271,1659,1612,3005,1485,1520,2457,1247,1210,1596,799,797,1073,495,578,990,396,594,39.1,37.7,40.4
050,36,003,New York,Allegany County,3,46753,23874,22879,2377,1203,1174,4770,2448,2322,2292,1188,1104,7556,4228,3328,38489,19656,18833,37314,19035,18279,18749,9925,8824,9455,4789,4666,11018,5517,5501,9285,4501,4784,2377,1203,1174,2576,1370,1206,2748,1358,1390,4502,2536,1966,4792,2600,2192,2235,1162,1073,2303,1171,1132,2502,1234,1268,2415,1222,1193,2226,1143,1083,2548,1261,1287,2993,1488,1505,3251,1625,1626,3041,1505,1536,2551,1274,1277,1636,846,790,1088,495,593,969,381,588,38.7,37.0,40.2
050,36,003,New York,Allegany County,4,46646,23815,22831,2376,1216,1160,4758,2458,2300,2278,1149,1129,7604,4269,3335,38389,19591,18798,37234,18992,18242,18698,9896,8802,9377,4745,4632,10780,5389,5391,9473,4589,4884,2376,1216,1160,2578,1355,1223,2741,1370,1371,4518,2549,1969,4803,2602,2201,2194,1122,1072,2285,1170,1115,2429,1222,1207,2469,1231,1238,2193,1122,1071,2514,1268,1246,2847,1379,1468,3226,1620,1606,3057,1532,1525,2561,1256,1305,1760,909,851,1097,489,608,998,403,595,38.7,37.0,40.4
050,36,003,New York,Allegany County,5,46694,23849,22845,2381,1232,1149,4716,2455,2261,2258,1118,1140,7783,4393,3390,38470,19623,18847,37339,19044,18295,18807,9950,8857,9334,4712,4622,10567,5267,5300,9655,4672,4983,2381,1232,1149,2590,1354,1236,2694,1374,1320,4574,2554,2020,4899,2684,2215,2144,1089,1055,2332,1204,1128,2395,1217,1178,2463,1202,1261,2278,1160,1118,2418,1222,1196,2704,1290,1414,3167,1595,1572,3055,1532,1523,2600,1280,1320,1801,917,884,1160,524,636,1039,419,620,38.6,36.9,40.5
050,36,003,New York,Allegany County,6,46822,23941,22881,2364,1216,1148,4654,2464,2190,2206,1088,1118,7913,4463,3450,38721,19733,18988,37598,19173,18425,18996,10038,8958,9393,4744,4649,10384,5162,5222,9908,4804,5104,2364,1216,1148,2542,1339,1203,2628,1382,1246,4633,2571,2062,4970,2723,2247,2207,1122,1085,2312,1195,1117,2384,1211,1173,2490,1216,1274,2333,1180,1153,2379,1193,1186,2574,1237,1337,3098,1552,1546,3118,1572,1546,2642,1293,1349,1885,944,941,1224,577,647,1039,418,621,38.8,36.9,40.6
050,36,003,New York,Allegany County,7,46800,23942,22858,2309,1206,1103,4610,2414,2196,2208,1084,1124,7961,4522,3439,38812,19781,19031,37673,19238,18435,18982,10016,8966,9358,4692,4666,10250,5136,5114,10104,4888,5216,2309,1206,1103,2508,1288,1220,2647,1408,1239,4608,2548,2060,5016,2776,2240,2190,1111,1079,2304,1183,1121,2336,1168,1168,2528,1230,1298,2370,1220,1150,2310,1142,1168,2527,1241,1286,3043,1533,1510,3085,1548,1537,2713,1325,1388,2013,999,1014,1239,601,638,1054,415,639,39.0,37.0,40.8
050,36,005,New York,Bronx County,1,1472640,689871,782769,98594,50318,48276,177598,90198,87400,81744,41688,40056,149265,75314,73951,1155770,528508,627262,1114704,507667,607037,624115,299047,325068,413206,192379,220827,360412,162896,197516,191821,77078,114743,98594,50318,48276,96242,48785,47457,101456,51747,49709,105660,53804,51856,105249,52864,52385,111924,53546,58378,109496,51425,58071,99099,45666,53433,92687,41742,50945,87586,39140,48446,94729,43032,51697,95282,43385,51897,82815,37339,45476,64220,28161,36059,49073,20502,28571,33605,13163,20442,22584,8376,14208,22339,6876,15463,35.4,33.2,37.4
050,36,005,New York,Bronx County,2,1461233,684116,777117,97658,49845,47813,176356,89555,86801,81105,41374,39731,148394,74796,73598,1146856,524035,622821,1106114,503342,602772,620527,297431,323096,411021,191510,219511,357700,161386,196314,188999,75650,113349,97658,49845,47813,95705,48524,47181,100644,51280,49364,104222,53087,51135,105284,52834,52450,110818,53109,57709,109195,51332,57863,98490,45392,53098,92518,41677,50841,86728,38717,48011,93762,42550,51212,94749,43033,51716,82461,37086,45375,64046,28051,35995,48645,20223,28422,33129,12860,20269,21999,8048,13951,21180,6468,14712,35.3,33.2,37.4
050,36,005,New York,Bronx County,3,1420980,665427,755553,91649,46766,44883,168544,85544,83000,78140,39916,38224,143354,72544,70810,1121998,513288,608710,1082647,493201,589446,597790,287951,309839,395674,185354,210320,348986,157206,191780,194633,78097,116536,91649,46766,44883,91499,46431,45068,96423,48976,47447,98113,50210,47903,104003,52387,51616,104007,50271,53736,105743,50120,55623,95193,44010,51183,90731,40953,49778,82916,36934,45982,90416,40902,49514,93103,42241,50862,82551,37129,45422,65971,28971,37000,50150,20967,29183,34144,13212,20932,22642,8302,14340,21726,6645,15081,36.0,33.7,38.1
050,36,005,New York,Bronx County,4,1384053,647741,736312,87678,44781,42897,162924,82594,80330,76252,38932,37320,138242,70002,68240,1095658,501178,594480,1057199,481434,575765,574703,277522,297181,379178,178221,200957,339898,152795,187103,199881,80416,119465,87678,44781,42897,88477,44824,43653,93416,47403,46013,94356,48448,45908,101169,50853,50316,98685,47936,50749,101525,48208,53317,91394,42427,48967,87574,39650,47924,81011,35919,45092,86370,38966,47404,90583,41075,49508,81934,36835,45099,67513,29584,37929,50581,21230,29351,35946,14023,21923,23378,8599,14779,22463,6980,15483,36.4,34.0,38.6
050,36,005,New York,Bronx County,5,1380478,645881,734597,87009,44270,42739,160312,81404,78908,75831,38589,37242,138973,70067,68906,1095326,501023,594303,1057326,481618,575708,573030,276879,296151,377243,177914,199329,334440,150146,184294,206670,83491,123179,87009,44270,42739,87358,44176,43182,91971,46919,45052,94336,48449,45887,101451,50516,50935,98547,47758,50789,100996,48251,52745,91136,42396,48740,86564,39509,47055,80436,35585,44851,83324,37428,45896,88493,40037,48456,82187,37096,45091,69013,30339,38674,51948,21926,30022,37426,14785,22641,24577,9040,15537,23706,7401,16305,36.5,34.2,38.6
050,36,005,New York,Bronx County,6,1406052,657767,748285,88696,45200,43496,163288,82639,80649,77783,39687,38096,142387,71823,70564,1115214,510135,605079,1076285,490241,586044,587782,283969,303813,386978,182415,204563,332635,149139,183496,214285,86864,127421,88696,45200,43496,89864,45409,44455,92790,47186,45604,97273,50164,47109,103531,51390,52141,102432,49412,53020,103254,49045,54209,94398,43981,50417,86894,39977,46917,81671,36281,45390,81664,36470,45194,86215,38808,47407,83085,37580,45505,70574,31192,39382,54076,22844,31232,39147,15610,23537,25469,9332,16137,25019,7886,17133,36.3,34.1,38.3
050,36,005,New York,Bronx County,7,1406332,658521,747811,88995,45551,43444,163597,82750,80847,77246,39209,38037,139561,70775,68786,1115240,510662,604578,1076494,491011,585483,584672,283039,301633,386964,182743,204221,328576,147254,181322,221393,90239,131154,88995,45551,43444,89808,45424,44384,92888,47014,45874,96318,49588,46730,101390,50708,50682,104521,50351,54170,101239,48269,52970,95560,44662,50898,85644,39461,46183,82178,36719,45459,79054,35270,43784,84092,37671,46421,83252,37594,45658,71406,31708,39698,56204,23958,32246,41067,16512,24555,26175,9657,16518,26541,8404,18137,36.4,34.2,38.4
050,36,007,New York,Broome County,1,198675,97295,101380,9619,4975,4644,18768,9729,9039,8767,4554,4213,26425,13223,13202,165940,80349,85591,161521,78037,83484,78830,39813,39017,45840,23169,22671,49980,24534,25446,39276,17111,22165,9619,4975,4644,10277,5375,4902,10693,5487,5206,16129,8157,7972,16861,8487,8374,12549,6487,6062,11887,6009,5878,11376,5676,5700,10028,4997,5031,9961,4956,5005,11656,5711,5945,14138,6832,7306,14225,7035,7190,11722,5624,6098,9480,4406,5074,6757,3007,3750,4962,2028,2934,6355,2046,4309,40.0,38.3,41.9
050,36,007,New York,Broome County,2,198145,96989,101156,9539,4908,4631,18710,9698,9012,8766,4552,4214,26569,13247,13322,165551,80144,85407,161130,77831,83299,78892,39779,39113,45738,23101,22637,49539,24304,25235,39284,17179,22105,9539,4908,4631,10261,5360,4901,10630,5459,5171,16105,8163,7942,17049,8515,8534,12375,6388,5987,11873,5999,5874,11389,5674,5715,10101,5040,5061,9821,4892,4929,11603,5694,5909,13954,6731,7223,14161,6987,7174,11784,5665,6119,9556,4448,5108,6740,2994,3746,4923,2022,2901,6281,2050,4231,39.9,38.3,41.7
050,36,007,New York,Broome County,3,198548,96987,101561,9381,4778,4603,18612,9658,8954,8692,4486,4206,28208,14001,14207,166255,80350,85905,161863,78065,83798,80576,40466,40110,45796,23061,22735,48160,23591,24569,39699,17412,22287,9381,4778,4603,10275,5331,4944,10457,5409,5048,16894,8556,8338,17886,8849,9037,11814,6066,5748,12084,6112,5972,11410,5648,5762,10488,5235,5253,9446,4692,4754,11421,5644,5777,13162,6328,6834,14131,6927,7204,12017,5820,6197,9874,4588,5286,6739,2975,3764,4815,2007,2808,6254,2022,4232,39.6,38.0,41.2
050,36,007,New York,Broome County,4,197171,96291,100880,9107,4693,4414,18446,9565,8881,8645,4434,4211,28579,14211,14368,165362,79875,85487,160973,77599,83374,80325,40326,39999,45232,22758,22474,46776,22866,23910,40386,17764,22622,9107,4693,4414,10162,5274,4888,10415,5368,5047,16972,8575,8397,18121,8993,9128,11118,5710,5408,11981,6061,5920,11405,5638,5767,10728,5349,5379,9479,4713,4766,10911,5370,5541,12440,5982,6458,13946,6801,7145,12159,5920,6239,9850,4561,5289,7260,3210,4050,4879,2051,2828,6238,2022,4216,39.7,38.0,41.3
050,36,007,New York,Broome County,5,195934,95721,100213,8857,4564,4293,18168,9420,8748,8595,4418,4177,28766,14453,14313,164654,79561,85093,160314,77319,82995,80051,40196,39855,44810,22421,22389,45581,22298,23283,41157,18147,23010,8857,4564,4293,9974,5168,4806,10314,5348,4966,16985,8574,8411,18256,9201,9055,10652,5409,5243,11869,5974,5895,11401,5631,5770,10888,5407,5481,9668,4806,4862,10410,5142,5268,11789,5687,6102,13714,6663,7051,12363,5998,6365,10015,4700,5315,7385,3239,4146,5056,2136,2920,6338,2074,4264,39.8,38.2,41.5
050,36,007,New York,Broome County,6,195893,95747,100146,8820,4492,4328,17944,9353,8591,8547,4442,4105,29038,14636,14402,164932,79724,85208,160582,77460,83122,80601,40507,40094,45083,22502,22581,44511,21765,22746,41950,18557,23393,8820,4492,4328,9725,5049,4676,10286,5377,4909,17069,8678,8391,18449,9327,9122,10703,5364,5339,11794,5957,5837,11562,5724,5838,11024,5457,5567,9795,4887,4908,9960,4928,5032,11246,5428,5818,13510,6522,6988,12526,6060,6466,10135,4742,5393,7722,3438,4284,5177,2202,2975,6390,2115,4275,39.8,38.2,41.5
050,36,007,New York,Broome County,7,195736,95757,99979,8818,4493,4325,17830,9208,8622,8455,4447,4008,29078,14709,14369,164962,79874,85088,160633,77609,83024,80759,40748,40011,45265,22681,22584,43544,21234,22310,42746,18985,23761,8818,4493,4325,9551,4920,4631,10318,5377,4941,16966,8646,8320,18528,9421,9107,10825,5445,5380,11507,5833,5674,11684,5848,5836,11249,5555,5694,9993,4958,5035,9617,4743,4874,10939,5305,5634,12995,6228,6767,12604,6079,6525,10363,4872,5491,8093,3654,4439,5217,2223,2994,6469,2157,4312,39.9,38.2,41.5
050,36,009,New York,Cattaraugus County,1,77042,38680,38362,4303,2267,2036,8569,4417,4152,3990,2037,1953,6790,3580,3210,62197,30999,31198,60180,29959,30221,26698,13709,12989,16889,8580,8309,20970,10486,10484,15531,7313,8218,4303,2267,2036,4599,2401,2198,4941,2504,2437,5277,2756,2521,4532,2373,2159,4047,2011,2036,4325,2200,2125,4300,2190,2110,4217,2179,2038,4328,2181,2147,4932,2470,2462,5776,2873,2903,5934,2962,2972,5262,2609,2653,4082,2020,2062,2655,1250,1405,1779,813,966,1753,621,1132,42.5,41.4,43.8
050,36,009,New York,Cattaraugus County,2,76977,38650,38327,4326,2271,2055,8553,4407,4146,4003,2048,1955,6780,3570,3210,62119,30961,31158,60095,29924,30171,26635,13663,12972,16839,8552,8287,20852,10440,10412,15624,7362,8262,4326,2271,2055,4612,2407,2205,4928,2507,2421,5259,2743,2516,4537,2368,2169,4008,1999,2009,4305,2187,2118,4301,2182,2119,4225,2184,2041,4293,2167,2126,4905,2468,2437,5730,2849,2881,5924,2956,2968,5286,2621,2665,4130,2039,2091,2654,1260,1394,1779,808,971,1775,634,1141,42.5,41.5,43.7
050,36,009,New York,Cattaraugus County,3,76560,38466,38094,4211,2219,1992,8415,4348,4067,3977,2060,1917,6854,3599,3255,61922,30831,31091,59957,29839,30118,26610,13669,12941,16812,8559,8253,20358,10187,10171,15933,7494,8439,4211,2219,1992,4609,2396,2213,4839,2501,2338,5180,2718,2462,4618,2392,2226,3890,1978,1912,4297,2180,2117,4335,2214,2121,4290,2187,2103,4105,2072,2033,4845,2446,2399,5504,2739,2765,5904,2930,2974,5353,2648,2705,4316,2115,2201,2712,1300,1412,1756,782,974,1796,649,1147,42.6,41.4,43.9
050,36,009,New York,Cattaraugus County,4,76032,38197,37835,4114,2127,1987,8273,4318,3955,3979,2029,1950,6870,3605,3265,61602,30708,30894,59666,29723,29943,26685,13719,12966,16847,8585,8262,19832,9943,9889,16117,7590,8527,4114,2127,1987,4516,2371,2145,4768,2447,2321,5227,2749,2478,4611,2385,2226,3791,1964,1827,4310,2168,2142,4391,2232,2159,4355,2221,2134,3983,2040,1943,4738,2372,2366,5309,2657,2652,5802,2874,2928,5354,2650,2704,4320,2106,2214,2909,1402,1507,1808,785,1023,1726,647,1079,42.6,41.5,43.7
050,36,009,New York,Cattaraugus County,5,75671,37962,37709,4061,2091,1970,8151,4255,3896,3926,1992,1934,6803,3566,3237,61522,30651,30871,59533,29624,29909,26617,13645,12972,16818,8549,8269,19396,9747,9649,16516,7762,8754,4061,2091,1970,4417,2313,2104,4664,2404,2260,5209,2708,2501,4590,2388,2202,3833,1977,1856,4238,2171,2067,4387,2194,2193,4360,2207,2153,3980,2069,1911,4569,2269,2300,5149,2594,2555,5698,2815,2883,5361,2654,2707,4477,2160,2317,3053,1486,1567,1859,802,1057,1766,660,1106,42.8,41.7,43.9
050,36,009,New York,Cattaraugus County,6,75448,37863,37585,3904,2002,1902,8086,4223,3863,3961,1986,1975,6724,3562,3162,61555,30685,30870,59497,29652,29845,26567,13628,12939,16858,8571,8287,18991,9549,9442,16924,7970,8954,3904,2002,1902,4402,2288,2114,4660,2426,2234,5181,2691,2490,4528,2366,2162,4010,2073,1937,4133,2119,2014,4357,2164,2193,4358,2215,2143,4038,2101,1937,4426,2207,2219,4975,2504,2471,5552,2737,2815,5448,2701,2747,4541,2195,2346,3235,1573,1662,1903,820,1083,1797,681,1116,43.0,41.8,44.1
050,36,009,New York,Cattaraugus County,7,75390,37799,37591,3831,1956,1875,7973,4139,3834,3846,1943,1903,6906,3658,3248,61666,30710,30956,59740,29761,29979,26640,13656,12984,16836,8562,8274,18745,9415,9330,17253,8126,9127,3831,1956,1875,4293,2231,2062,4628,2415,2213,5221,2698,2523,4583,2396,2187,4037,2089,1948,4063,2087,1976,4395,2177,2218,4341,2209,2132,4210,2170,2040,4226,2132,2094,4846,2435,2411,5463,2678,2785,5430,2681,2749,4688,2275,2413,3360,1604,1756,1951,877,1074,1824,689,1135,43.1,41.9,44.2
050,36,011,New York,Cayuga County,1,76249,38900,37349,3717,1919,1798,7663,3971,3692,3583,1853,1730,5891,3117,2774,63086,32074,31012,61286,31157,30129,26778,14314,12464,18212,9820,8392,21680,11006,10674,15503,7214,8289,3717,1919,1798,4090,2101,1989,4481,2346,2135,4391,2273,2118,4175,2221,1954,4398,2390,2008,4826,2670,2156,4740,2509,2231,4248,2251,1997,4348,2304,2044,5270,2730,2540,6011,3011,3000,6051,2961,3090,5161,2573,2588,4036,1948,2088,2606,1245,1361,1746,770,976,1954,678,1276,43.8,42.1,45.8
050,36,011,New York,Cayuga County,2,76107,38806,37301,3707,1906,1801,7621,3953,3668,3594,1858,1736,5875,3106,2769,62993,32013,30980,61185,31089,30096,26754,14292,12462,18188,9799,8389,21517,10911,10606,15605,7273,8332,3707,1906,1801,4050,2085,1965,4474,2339,2135,4375,2267,2108,4191,2226,1965,4351,2365,1986,4828,2663,2165,4737,2504,2233,4272,2267,2005,4270,2255,2015,5236,2709,2527,5967,3003,2964,6044,2944,3100,5198,2591,2607,4060,1963,2097,2650,1265,1385,1732,765,967,1965,689,1276,43.8,42.2,45.8
050,36,011,New York,Cayuga County,3,75426,38346,37080,3647,1859,1788,7523,3918,3605,3583,1835,1748,5793,3031,2762,62477,31656,30821,60673,30734,29939,26635,14165,12470,18137,9744,8393,20804,10501,10303,15939,7458,8481,3647,1859,1788,3986,2074,1912,4415,2289,2126,4315,2221,2094,4183,2200,1983,4251,2303,1948,4821,2615,2206,4713,2497,2216,4352,2329,2023,3981,2077,1904,5130,2629,2501,5681,2884,2797,6012,2911,3101,5321,2644,2677,4243,2061,2182,2734,1296,1438,1701,766,935,1940,691,1249,43.8,42.3,45.6
050,36,011,New York,Cayuga County,4,74730,37885,36845,3571,1858,1713,7321,3775,3546,3527,1832,1695,5651,2942,2709,62079,31338,30741,60311,30420,29891,26371,13967,12404,18076,9664,8412,20259,10209,10050,16325,7605,8720,3571,1858,1713,3911,2022,1889,4293,2224,2069,4190,2147,2043,4105,2156,1949,4199,2307,1892,4753,2525,2228,4684,2472,2212,4440,2360,2080,3870,2025,1845,4927,2519,2408,5489,2781,2708,5973,2884,3089,5383,2656,2727,4282,2081,2201,3001,1403,1598,1734,786,948,1925,679,1246,44.1,42.5,46.0
050,36,011,New York,Cayuga County,5,74563,37827,36736,3459,1767,1692,7205,3706,3499,3546,1834,1712,5657,2943,2714,62135,31444,30691,60353,30520,29833,26498,14091,12407,18160,9766,8394,19728,10013,9715,16808,7798,9010,3459,1767,1692,3888,1996,1892,4182,2162,2020,4227,2180,2047,4111,2145,1966,4153,2310,1843,4694,2516,2178,4730,2528,2202,4583,2412,2171,3882,2029,1853,4637,2398,2239,5320,2702,2618,5889,2884,3005,5453,2643,2810,4396,2145,2251,3160,1467,1693,1835,837,998,1964,706,1258,44.1,42.7,45.9
050,36,011,New York,Cayuga County,6,74642,38013,36629,3382,1734,1648,7056,3620,3436,3558,1848,1710,5667,2973,2694,62457,31768,30689,60646,30811,29835,26675,14324,12351,18324,9942,8382,19317,9868,9449,17338,8028,9310,3382,1734,1648,3807,1959,1848,4123,2100,2023,4238,2218,2020,4113,2164,1949,4271,2403,1868,4552,2468,2084,4775,2555,2220,4726,2516,2210,3985,2091,1894,4395,2303,2092,5121,2611,2510,5816,2863,2953,5576,2674,2902,4469,2184,2285,3395,1585,1810,1869,843,1026,2029,742,1287,44.3,42.8,46.1
050,36,011,New York,Cayuga County,7,74365,37921,36444,3361,1762,1599,6936,3532,3404,3497,1793,1704,5312,2841,2471,62351,31770,30581,60571,30834,29737,26351,14193,12158,18388,9981,8407,19068,9761,9307,17803,8251,9552,3361,1762,1599,3775,1900,1875,4007,2054,1953,4092,2140,1952,3871,2072,1799,4342,2436,1906,4534,2487,2047,4770,2551,2219,4742,2507,2235,4198,2222,1976,4160,2189,1971,5015,2567,2448,5695,2783,2912,5543,2641,2902,4723,2302,2421,3507,1666,1841,1957,889,1068,2073,753,1320,44.7,43.1,46.5
050,36,013,New York,Chautauqua County,1,127650,63103,64547,6755,3406,3349,13343,6784,6559,6244,3269,2975,12159,6056,6103,104376,51249,53127,101308,49644,51664,44913,22782,22131,28084,14267,13817,34310,16940,17370,26755,12381,14374,6755,3406,3349,7176,3638,3538,7741,3956,3785,8813,4406,4407,8016,4109,3907,7124,3708,3416,7158,3631,3527,7119,3592,3527,6683,3336,3347,7086,3521,3565,7896,3915,3981,9456,4683,4773,9872,4821,5051,8686,4376,4310,6785,3239,3546,4806,2195,2611,3070,1348,1722,3408,1223,2185,42.9,41.6,44.2
050,36,013,New York,Chautauqua County,2,127383,62920,64463,6707,3381,3326,13308,6756,6552,6279,3283,2996,12105,6032,6073,104174,51111,53063,101089,49500,51589,44740,22652,22088,27953,14165,13788,34123,16848,17275,26908,12455,14453,6707,3381,3326,7190,3641,3549,7715,3943,3772,8762,4383,4379,8025,4104,3921,7051,3667,3384,7120,3596,3524,7120,3585,3535,6662,3317,3345,7009,3479,3530,7865,3901,3964,9369,4645,4724,9880,4823,5057,8729,4385,4344,6856,3267,3589,4818,2214,2604,3074,1353,1721,3431,1236,2195,43.0,41.7,44.2
050,36,013,New York,Chautauqua County,3,126549,62459,64090,6502,3307,3195,13152,6628,6524,6334,3327,3007,12035,5993,6042,103713,50851,52862,100561,49197,51364,44651,22587,22064,27905,14130,13775,33276,16452,16824,27345,12622,14723,6502,3307,3195,7232,3672,3560,7543,3819,3724,8643,4371,4272,8103,4086,4017,6907,3617,3290,7143,3580,3563,7132,3586,3546,6723,3347,3376,6647,3281,3366,7778,3892,3886,8937,4409,4528,9914,4870,5044,8918,4423,4495,7189,3415,3774,4817,2213,2604,3085,1369,1716,3336,1202,2134,43.0,41.7,44.2
050,36,013,New York,Chautauqua County,4,125558,61988,63570,6343,3194,3149,12979,6550,6429,6301,3314,2987,11788,5883,5905,103112,50610,52502,99935,48930,51005,44672,22724,21948,28102,14305,13797,32229,15908,16321,27816,12834,14982,6343,3194,3149,7098,3615,3483,7400,3713,3687,8527,4360,4167,8043,4059,3984,6768,3542,3226,7213,3687,3526,7186,3597,3589,6935,3479,3456,6501,3225,3276,7610,3785,3825,8425,4114,4311,9693,4784,4909,9083,4461,4622,7175,3434,3741,5122,2356,2766,3203,1415,1788,3233,1168,2065,42.9,41.6,44.3
050,36,013,New York,Chautauqua County,5,125061,61647,63414,6225,3111,3114,12897,6500,6397,6196,3200,2996,11653,5867,5786,102938,50531,52407,99743,48836,50907,44638,22708,21930,28284,14371,13913,31376,15441,15935,28430,13157,15273,6225,3111,3114,7057,3533,3524,7335,3697,3638,8430,4304,4126,7924,4033,3891,6804,3505,3299,7135,3662,3473,7253,3646,3607,7092,3558,3534,6495,3222,3273,7316,3610,3706,8122,3974,4148,9443,4635,4808,9189,4484,4705,7376,3581,3795,5231,2415,2816,3358,1469,1889,3276,1208,2068,43.0,41.8,44.2
050,36,013,New York,Chautauqua County,6,124697,61473,63224,6225,3059,3166,12669,6440,6229,6170,3146,3024,11551,5864,5687,102788,50500,52288,99633,48828,50805,44659,22719,21940,28477,14457,14020,30604,15041,15563,29001,13466,15535,6225,3059,3166,6927,3499,3428,7281,3689,3592,8445,4277,4168,7737,3985,3752,6927,3541,3386,7099,3680,3419,7235,3591,3644,7216,3645,3571,6502,3242,3260,7088,3478,3610,7750,3786,3964,9264,4535,4729,9181,4454,4727,7611,3730,3881,5473,2545,2928,3501,1529,1972,3235,1208,2027,43.0,41.9,44.3
050,36,013,New York,Chautauqua County,7,124126,61135,62991,6138,2997,3141,12582,6405,6177,5986,3005,2981,11318,5732,5586,102436,50269,52167,99420,48728,50692,44480,22588,21892,28618,14567,14051,29908,14698,15210,29576,13731,15845,6138,2997,3141,6821,3443,3378,7203,3678,3525,8358,4167,4191,7504,3854,3650,7111,3675,3436,6944,3590,3354,7257,3608,3649,7306,3694,3612,6548,3245,3303,6842,3359,3483,7545,3692,3853,8973,4402,4571,9159,4395,4764,7830,3857,3973,5752,2665,3087,3565,1573,1992,3270,1241,2029,43.2,42.1,44.4
050,36,015,New York,Chemung County,1,84148,41796,42352,4466,2255,2211,9117,4616,4501,4185,2110,2075,6539,3416,3123,68510,33868,34642,66380,32815,33565,30189,15673,14516,20482,10653,9829,22761,11302,11459,16598,7444,9154,4466,2255,2211,5005,2533,2472,5129,2589,2540,5185,2625,2560,4522,2395,2127,5071,2653,2418,5524,2925,2599,5123,2631,2492,4764,2444,2320,4837,2473,2364,5326,2697,2629,6290,3069,3221,6308,3063,3245,5324,2599,2725,4333,2020,2313,2783,1226,1557,1956,829,1127,2202,770,1432,42.1,40.6,43.7
050,36,015,New York,Chemung County,2,83652,41428,42224,4423,2244,2179,9039,4582,4457,4195,2110,2085,6513,3382,3131,68127,33553,34574,65995,32492,33503,29967,15455,14512,20291,10475,9816,22547,11173,11374,16644,7462,9182,4423,2244,2179,4963,2509,2454,5108,2585,2523,5151,2598,2553,4525,2382,2143,4970,2583,2387,5477,2874,2603,5091,2597,2494,4753,2421,2332,4758,2437,2321,5274,2650,2624,6238,3043,3195,6277,3043,3234,5346,2617,2729,4368,2031,2337,2794,1224,1570,1939,819,1120,2197,771,1426,42.2,40.7,43.7
050,36,015,New York,Chemung County,3,83061,41376,41685,4279,2201,2078,8777,4440,4337,4197,2113,2084,6625,3426,3199,67915,33695,34220,65808,32622,33186,30231,15708,14523,20468,10690,9778,21926,10948,10978,16789,7558,9231,4279,2201,2078,4831,2417,2414,5005,2544,2461,5071,2552,2519,4692,2466,2226,4862,2609,2253,5493,2872,2621,5189,2694,2495,4924,2515,2409,4575,2409,2166,5209,2611,2598,5971,2945,3026,6171,2983,3188,5430,2677,2753,4536,2103,2433,2852,1257,1595,1870,778,1092,2101,743,1358,42.0,40.6,43.6
050,36,015,New York,Chemung County,4,81535,40338,41197,4172,2128,2044,8636,4380,4256,4136,2056,2080,6468,3353,3115,66691,32823,33868,64591,31774,32817,29615,15211,14404,19995,10294,9701,21136,10460,10676,16992,7667,9325,4172,2128,2044,4719,2364,2355,4901,2508,2393,5074,2545,2529,4546,2372,2174,4708,2511,2197,5320,2737,2583,5108,2617,2491,4859,2429,2430,4418,2318,2100,5023,2480,2543,5604,2731,2873,6091,2931,3160,5477,2686,2791,4467,2079,2388,3132,1395,1737,1918,802,1116,1998,705,1293,42.2,40.7,43.7
050,36,015,New York,Chemung County,5,81090,40188,40902,4069,2100,1969,8477,4318,4159,4045,2005,2040,6527,3345,3182,66613,32806,33807,64499,31765,32734,29682,15243,14439,20053,10362,9691,20579,10227,10352,17340,7831,9509,4069,2100,1969,4553,2324,2229,4867,2463,2404,4985,2499,2486,4644,2382,2262,4613,2500,2113,5355,2739,2616,5134,2638,2496,4951,2485,2466,4501,2346,2155,4818,2384,2434,5343,2617,2726,5917,2880,3037,5601,2717,2884,4479,2129,2350,3302,1471,1831,2006,836,1170,1952,678,1274,42.3,40.9,43.8
050,36,015,New York,Chemung County,6,80837,40092,40745,4059,2058,2001,8246,4188,4058,3964,1982,1982,6492,3356,3136,66623,32863,33760,64568,31864,32704,29708,15344,14364,20226,10516,9710,20133,9981,10152,17717,8011,9706,4059,2058,2001,4425,2258,2167,4795,2440,2355,4863,2421,2442,4619,2407,2212,4640,2509,2131,5262,2713,2549,5326,2766,2560,4998,2528,2470,4536,2303,2233,4624,2306,2318,5172,2546,2626,5801,2826,2975,5596,2685,2911,4558,2189,2369,3500,1601,1899,2108,862,1246,1955,674,1281,42.5,40.9,44.0
050,36,015,New York,Chemung County,7,80415,39771,40644,3957,1996,1961,8052,4055,3997,3894,1982,1912,6550,3344,3206,66466,32711,33755,64512,31738,32774,29712,15343,14369,20237,10510,9727,19770,9769,10001,17955,8115,9840,3957,1996,1961,4313,2181,2132,4708,2367,2341,4870,2432,2438,4605,2401,2204,4747,2552,2195,5080,2637,2443,5401,2770,2631,5009,2551,2458,4644,2311,2333,4504,2248,2256,4963,2477,2486,5659,2733,2926,5521,2624,2897,4655,2258,2397,3659,1678,1981,2163,882,1281,1957,673,1284,42.5,41.0,44.0
050,36,017,New York,Chenango County,1,47229,23543,23686,2398,1219,1179,5076,2581,2495,2244,1190,1054,3174,1660,1514,38636,19128,19508,37511,18553,18958,15296,7785,7511,10460,5261,5199,13626,6827,6799,10251,4805,5446,2398,1219,1179,2762,1389,1373,2896,1518,1378,2633,1385,1248,2203,1139,1064,2597,1279,1318,2660,1370,1290,2663,1330,1333,2540,1282,1258,2676,1327,1349,3188,1603,1585,3808,1896,1912,3954,2001,1953,3222,1574,1648,2688,1302,1386,1960,947,1013,1165,532,633,1216,450,766,45.5,44.4,46.6
050,36,017,New York,Chenango County,2,47071,23451,23620,2391,1206,1185,5061,2575,2486,2246,1193,1053,3164,1650,1514,38495,19056,19439,37373,18477,18896,15244,7756,7488,10410,5229,5181,13528,6764,6764,10271,4834,5437,2391,1206,1185,2751,1383,1368,2886,1508,1378,2624,1383,1241,2210,1144,1066,2565,1263,1302,2643,1352,1291,2670,1333,1337,2532,1281,1251,2632,1303,1329,3153,1587,1566,3796,1884,1912,3947,1990,1957,3260,1604,1656,2674,1300,1374,1959,940,1019,1163,532,631,1215,458,757,45.5,44.5,46.6
050,36,017,New York,Chenango County,3,46604,23213,23391,2359,1221,1138,4986,2502,2484,2253,1199,1054,3164,1667,1497,38108,18877,19231,37006,18291,18715,15164,7749,7415,10314,5174,5140,13060,6518,6542,10468,4932,5536,2359,1221,1138,2696,1357,1339,2857,1436,1421,2593,1383,1210,2257,1192,1065,2432,1211,1221,2685,1336,1349,2668,1338,1330,2529,1289,1240,2477,1225,1252,3063,1543,1520,3635,1812,1823,3885,1938,1947,3352,1653,1699,2726,1339,1387,1962,929,1033,1203,544,659,1225,467,758,45.5,44.4,46.5
050,36,017,New York,Chenango County,4,46334,23070,23264,2324,1166,1158,4924,2514,2410,2329,1241,1088,3095,1616,1479,37894,18769,19125,36757,18149,18608,15178,7762,7416,10362,5223,5139,12668,6349,6319,10632,4961,5671,2324,1166,1158,2665,1383,1282,2867,1449,1418,2590,1384,1206,2226,1155,1071,2290,1155,1135,2795,1380,1415,2699,1386,1313,2578,1302,1276,2436,1193,1243,3001,1495,1506,3431,1733,1698,3800,1928,1872,3466,1677,1789,2699,1334,1365,1986,926,1060,1268,572,696,1213,452,761,45.3,44.1,46.4
050,36,017,New York,Chenango County,5,45904,22875,23029,2290,1167,1123,4805,2450,2355,2367,1244,1123,3036,1605,1431,37603,18638,18965,36442,18014,18428,15124,7751,7373,10322,5200,5122,12242,6162,6080,10842,5047,5795,2290,1167,1123,2594,1346,1248,2812,1402,1410,2615,1411,1204,2187,1140,1047,2247,1148,1099,2741,1344,1397,2686,1386,1300,2648,1322,1326,2404,1204,1200,2874,1424,1450,3254,1644,1610,3710,1890,1820,3515,1703,1812,2703,1317,1386,2046,945,1101,1335,606,729,1243,476,767,45.3,44.1,46.5
050,36,017,New York,Chenango County,6,45793,22790,23003,2291,1188,1103,4725,2426,2299,2351,1202,1149,3082,1643,1439,37608,18593,19015,36426,17974,18452,15224,7747,7477,10352,5185,5167,11878,5959,5919,11114,5187,5927,2291,1188,1103,2496,1293,1203,2790,1416,1374,2658,1410,1248,2214,1152,1062,2244,1144,1100,2651,1292,1359,2734,1382,1352,2723,1367,1356,2434,1238,1196,2694,1318,1376,3138,1583,1555,3612,1820,1792,3581,1749,1832,2740,1334,1406,2122,972,1150,1382,633,749,1289,499,790,45.2,44.1,46.5
050,36,017,New York,Chenango County,7,45715,22769,22946,2282,1185,1097,4670,2389,2281,2321,1170,1151,3121,1662,1459,37657,18642,19015,36442,18025,18417,15199,7760,7439,10301,5201,5100,11676,5837,5839,11344,5325,6019,2282,1185,1097,2450,1277,1173,2764,1385,1379,2692,1400,1292,2206,1159,1047,2236,1188,1048,2590,1254,1336,2750,1393,1357,2725,1366,1359,2499,1283,1216,2558,1236,1322,3072,1555,1517,3547,1763,1784,3605,1812,1793,2826,1353,1473,2160,996,1164,1407,629,778,1346,535,811,45.3,44.2,46.5
050,36,019,New York,Clinton County,1,79833,40573,39260,3798,1948,1850,7606,3890,3716,3338,1714,1624,8265,4058,4207,66778,33902,32876,65091,33021,32070,30897,16304,14593,20135,10945,9190,22187,11292,10895,14504,6726,7778,3798,1948,1850,4171,2142,2029,4276,2161,2115,5294,2590,2704,5468,2769,2699,4940,2706,2234,5345,2909,2436,5148,2777,2371,4702,2553,2149,4673,2423,2250,5348,2792,2556,6260,3176,3084,5906,2901,3005,4778,2373,2405,3815,1822,1993,2462,1154,1308,1781,767,1014,1668,610,1058,41.5,40.5,42.7
050,36,019,New York,Clinton County,2,79713,40459,39254,3750,1925,1825,7598,3893,3705,3340,1706,1634,8358,4077,4281,66712,33813,32899,65025,32935,32090,30908,16248,14660,20049,10877,9172,22005,11200,10805,14613,6781,7832,3750,1925,1825,4154,2145,2009,4283,2160,2123,5320,2608,2712,5539,2763,2776,4866,2663,2203,5311,2883,2428,5148,2776,2372,4724,2555,2169,4611,2393,2218,5278,2762,2516,6220,3146,3074,5896,2899,2997,4827,2393,2434,3850,1843,2007,2475,1158,1317,1781,774,1007,1680,613,1067,41.5,40.5,42.6
050,36,019,New York,Clinton County,3,79034,39806,39228,3644,1895,1749,7536,3873,3663,3367,1698,1669,8589,4145,4444,66171,33204,32967,64487,32340,32147,30644,15860,14784,19539,10440,9099,21318,10789,10529,15041,6966,8075,3644,1895,1749,4079,2129,1950,4308,2167,2141,5455,2659,2796,5650,2761,2889,4508,2464,2044,5169,2746,2423,5094,2700,2394,4768,2530,2238,4364,2245,2119,5023,2625,2398,6025,3003,3022,5906,2916,2990,4970,2453,2517,4013,1925,2088,2553,1185,1368,1777,768,1009,1728,635,1093,41.6,40.8,42.7
050,36,019,New York,Clinton County,4,78011,39022,38989,3488,1819,1669,7445,3827,3618,3409,1725,1684,8721,4200,4521,65325,32483,32842,63669,31651,32018,30052,15371,14681,18815,9904,8911,20693,10375,10318,15440,7172,8268,3488,1819,1669,4016,2091,1925,4322,2194,2128,5473,2650,2823,5764,2817,2947,3978,2154,1824,5035,2623,2412,5056,2641,2415,4746,2486,2260,4230,2139,2091,4909,2530,2379,5705,2797,2908,5849,2909,2940,5087,2502,2585,4048,1948,2100,2765,1275,1490,1770,784,986,1770,663,1107,41.9,41.1,42.9
050,36,019,New York,Clinton County,5,77905,39131,38774,3344,1732,1612,7365,3770,3595,3430,1752,1678,8805,4258,4547,65452,32726,32726,63766,31877,31889,30090,15515,14575,18701,9942,8759,20361,10271,10090,15899,7406,8493,3344,1732,1612,3955,2041,1914,4256,2166,2090,5471,2658,2813,5918,2915,3003,3731,2053,1678,5032,2649,2383,5081,2672,2409,4857,2568,2289,4301,2210,2091,4832,2467,2365,5381,2673,2708,5847,2921,2926,5269,2588,2681,4116,1996,2120,2867,1319,1548,1855,807,1048,1792,696,1096,42.2,41.3,43.2
050,36,019,New York,Clinton County,6,77832,39142,38690,3185,1621,1564,7258,3722,3536,3466,1786,1680,9045,4337,4708,65666,32914,32752,63923,32013,31910,30115,15559,14556,18477,9879,8598,19974,10141,9833,16427,7656,8771,3185,1621,1564,3896,1982,1914,4235,2183,2052,5430,2642,2788,6208,3038,3170,3522,1962,1560,4916,2632,2284,5141,2713,2428,4898,2572,2326,4380,2280,2100,4687,2420,2267,5075,2547,2528,5832,2894,2938,5413,2632,2781,4196,2044,2152,3083,1412,1671,1874,848,1026,1861,720,1141,42.4,41.5,43.4
050,36,019,New York,Clinton County,7,78138,39392,38746,3097,1583,1514,7133,3688,3445,3510,1776,1734,9203,4383,4820,66151,33253,32898,64398,32345,32053,30333,15707,14626,18505,9968,8537,19816,10123,9693,16874,7871,9003,3097,1583,1514,3828,1963,1865,4190,2145,2045,5491,2664,2827,6337,3075,3262,3467,1970,1497,4833,2610,2223,5207,2751,2456,4998,2637,2361,4517,2377,2140,4558,2345,2213,4928,2531,2397,5813,2870,2943,5469,2650,2819,4336,2104,2232,3271,1499,1772,1888,868,1020,1910,750,1160,42.5,41.7,43.5
050,36,021,New York,Columbia County,1,61576,30557,31019,2435,1246,1189,5403,2748,2655,2772,1462,1310,4179,2200,1979,52378,25841,26537,50966,25101,25865,19629,9929,9700,13340,6635,6705,18206,9086,9120,15241,7180,8061,2435,1246,1189,2890,1467,1423,3175,1649,1526,3379,1771,1608,2910,1523,1387,3084,1549,1535,3450,1730,1720,3503,1739,1764,3303,1617,1686,3561,1755,1806,4325,2179,2146,5183,2589,2594,5137,2563,2574,4877,2396,2481,4248,2050,2198,2864,1378,1486,1650,735,915,1602,621,981,48.8,47.9,49.7
050,36,021,New York,Columbia County,2,61468,30550,30918,2426,1241,1185,5365,2726,2639,2771,1468,1303,4173,2198,1975,52324,25860,26464,50906,25115,25791,19666,9976,9690,13385,6674,6711,18104,9047,9057,15244,7196,8048,2426,1241,1185,2858,1446,1412,3170,1644,1526,3359,1767,1592,2922,1535,1387,3083,1553,1530,3458,1743,1715,3528,1753,1775,3316,1625,1691,3524,1742,1782,4282,2154,2128,5169,2597,2572,5129,2554,2575,4888,2397,2491,4263,2056,2207,2875,1391,1484,1653,742,911,1565,610,955,48.8,47.9,49.7
050,36,021,New York,Columbia County,3,61949,30784,31165,2350,1217,1133,5208,2613,2595,2744,1456,1288,4146,2173,1973,53065,26250,26815,51647,25498,26149,20079,10204,9875,13854,6921,6933,17816,8929,8887,15831,7475,8356,2350,1217,1133,2754,1373,1381,3119,1586,1533,3260,1734,1526,2965,1549,1416,3104,1568,1536,3577,1782,1795,3711,1857,1854,3462,1714,1748,3386,1693,1693,4177,2083,2094,5080,2588,2492,5173,2565,2608,4992,2446,2546,4460,2138,2322,3000,1446,1554,1783,840,943,1596,605,991,49.0,48.1,49.9
050,36,021,New York,Columbia County,4,61176,30455,30721,2279,1169,1110,4933,2494,2439,2670,1412,1258,4046,2128,1918,52676,26124,26552,51294,25380,25914,19688,10064,9624,13591,6843,6748,17317,8671,8646,16340,7738,8602,2279,1169,1110,2572,1293,1279,2980,1520,1460,3205,1727,1478,2892,1494,1398,2917,1521,1396,3462,1710,1752,3657,1841,1816,3555,1771,1784,3315,1638,1677,4076,2036,2040,4853,2462,2391,5073,2535,2538,5023,2475,2548,4420,2131,2289,3339,1603,1736,1906,883,1023,1652,646,1006,49.6,48.6,50.6
050,36,021,New York,Columbia County,5,60607,30294,30313,2211,1161,1050,4725,2384,2341,2587,1374,1213,3953,2109,1844,52456,26124,26332,51084,25375,25709,19460,10055,9405,13509,6867,6642,16860,8446,8414,16762,7953,8809,2211,1161,1050,2453,1246,1207,2861,1433,1428,3154,1718,1436,2797,1470,1327,2880,1562,1318,3372,1649,1723,3651,1840,1811,3606,1816,1790,3308,1618,1690,3900,1943,1957,4600,2324,2276,5052,2561,2491,5062,2489,2573,4493,2174,2319,3451,1672,1779,2054,939,1115,1702,679,1023,50.0,48.9,51.1
050,36,021,New York,Columbia County,6,60389,30270,30119,2137,1124,1013,4555,2281,2274,2569,1363,1206,3903,2122,1781,52504,26258,26246,51128,25502,25626,19505,10188,9317,13618,7002,6616,16461,8212,8249,17146,8166,8980,2137,1124,1013,2374,1201,1173,2766,1379,1387,3117,1696,1421,2770,1490,1280,3001,1679,1322,3261,1592,1669,3686,1887,1799,3670,1844,1826,3337,1644,1693,3677,1822,1855,4425,2209,2216,5022,2537,2485,5005,2472,2533,4565,2212,2353,3617,1745,1872,2168,1011,1157,1791,726,1065,50.1,48.8,51.5
050,36,021,New York,Columbia County,7,60168,30200,29968,2102,1113,989,4349,2149,2200,2506,1335,1171,3861,2103,1758,52523,26317,26206,51211,25603,25608,19487,10214,9273,13711,7087,6624,16127,8058,8069,17512,8355,9157,2102,1113,989,2291,1148,1143,2649,1312,1337,3062,1673,1389,2714,1454,1260,3083,1730,1353,3148,1558,1590,3796,1933,1863,3684,1866,1818,3358,1665,1693,3498,1736,1762,4266,2143,2123,5005,2514,2491,4961,2451,2510,4617,2241,2376,3788,1798,1990,2253,1072,1181,1893,793,1100,50.3,48.8,51.7
050,36,023,New York,Cortland County,1,46808,23202,23606,2359,1242,1117,4476,2292,2184,2204,1140,1064,6899,3340,3559,38884,19086,19798,37769,18528,19241,19051,9508,9543,10490,5321,5169,11861,5903,5958,8519,3964,4555,2359,1242,1117,2356,1242,1114,2662,1343,1319,5336,2607,2729,3225,1580,1645,2673,1311,1362,2755,1436,1319,2621,1302,1319,2441,1272,1169,2429,1214,1215,2872,1467,1405,3421,1639,1782,3139,1583,1556,2760,1333,1427,2238,1070,1168,1483,676,807,987,455,532,1051,430,621,38.9,38.3,39.6
050,36,023,New York,Cortland County,2,46745,23095,23650,2350,1242,1108,4479,2297,2182,2187,1133,1054,7183,3407,3776,38838,18985,19853,37729,18423,19306,19207,9508,9699,10368,5249,5119,11661,5810,5851,8517,3957,4560,2350,1242,1108,2364,1249,1115,2646,1329,1317,5341,2615,2726,3498,1644,1854,2621,1285,1336,2706,1403,1303,2609,1297,1312,2432,1264,1168,2371,1188,1183,2820,1440,1380,3355,1604,1751,3115,1578,1537,2754,1334,1420,2246,1066,1180,1490,677,813,978,454,524,1049,426,623,38.6,38.1,39.1
050,36,023,New York,Cortland County,3,46488,22970,23518,2260,1189,1071,4401,2291,2110,2092,1085,1007,7468,3550,3918,38811,18977,19834,37735,18405,19330,19385,9605,9780,10331,5218,5113,11340,5657,5683,8596,3980,4616,2260,1189,1071,2367,1265,1102,2540,1274,1266,5446,2676,2770,3608,1711,1897,2550,1244,1306,2643,1370,1273,2637,1318,1319,2501,1286,1215,2223,1111,1112,2748,1405,1343,3182,1534,1648,3187,1607,1580,2751,1334,1417,2336,1082,1254,1507,688,819,968,451,517,1034,425,609,38.5,37.9,39.0
050,36,023,New York,Cortland County,4,46128,22704,23424,2157,1094,1063,4308,2243,2065,2091,1039,1052,7673,3635,4038,38640,18877,19763,37572,18328,19244,19358,9531,9827,10119,5106,5013,10998,5495,5503,8782,4092,4690,2157,1094,1063,2371,1243,1128,2462,1249,1213,5489,2695,2794,3750,1730,2020,2401,1181,1220,2613,1324,1289,2617,1323,1294,2488,1278,1210,2190,1103,1087,2666,1351,1315,2994,1476,1518,3148,1565,1583,2798,1354,1444,2350,1110,1240,1588,725,863,1011,459,552,1035,444,591,38.5,38.1,38.8
050,36,023,New York,Cortland County,5,46004,22661,23343,2117,1081,1036,4179,2185,1994,2095,1036,1059,8017,3807,4210,38653,18863,19790,37613,18359,19254,19409,9528,9881,9819,4954,4865,10715,5366,5349,9062,4232,4830,2117,1081,1036,2347,1237,1110,2354,1217,1137,5570,2720,2850,4020,1854,2166,2100,1047,1053,2589,1289,1300,2615,1328,1287,2515,1290,1225,2225,1146,1079,2543,1285,1258,2828,1410,1418,3119,1525,1594,2844,1389,1455,2420,1137,1283,1658,772,886,1065,462,603,1075,472,603,38.6,38.2,39.0
050,36,023,New York,Cortland County,6,46062,22631,23431,2115,1057,1058,4099,2149,1950,2077,1027,1050,8335,3957,4378,38838,18903,19935,37771,18398,19373,19523,9543,9980,9598,4806,4792,10569,5300,5269,9269,4335,4934,2115,1057,1058,2313,1225,1088,2273,1171,1102,5656,2744,2912,4269,1993,2276,1883,931,952,2627,1287,1340,2599,1327,1272,2489,1261,1228,2318,1195,1123,2431,1226,1205,2711,1370,1341,3109,1509,1600,2843,1405,1438,2438,1144,1294,1775,816,959,1113,480,633,1100,490,610,38.7,38.4,39.0
050,36,023,New York,Cortland County,7,45850,22580,23270,2098,1077,1021,4005,2094,1911,2019,1010,1009,8412,3996,4416,38819,18943,19876,37728,18399,19329,19533,9577,9956,9543,4785,4758,10288,5166,5122,9485,4452,5033,2098,1077,1021,2241,1159,1082,2205,1149,1056,5629,2734,2895,4361,2058,2303,1830,922,908,2617,1283,1334,2577,1319,1258,2519,1261,1258,2323,1187,1136,2273,1169,1104,2655,1363,1292,3037,1447,1590,2841,1429,1412,2477,1158,1319,1877,850,1027,1141,502,639,1149,513,636,38.9,38.5,39.2
050,36,025,New York,Delaware County,1,44295,22266,22029,1798,936,862,3985,2064,1921,1897,970,927,4064,2168,1896,37570,18797,18773,36615,18296,18319,14242,7278,6964,8762,4380,4382,12675,6374,6301,11114,5374,5740,1798,936,862,2103,1083,1020,2363,1221,1142,2954,1558,1396,2526,1340,1186,1991,1032,959,2316,1168,1148,2273,1121,1152,2182,1059,1123,2369,1214,1155,2915,1443,1472,3590,1799,1791,3801,1918,1883,3439,1759,1680,2948,1473,1475,2141,1079,1062,1307,575,732,1279,488,791,48.7,47.7,49.5
050,36,025,New York,Delaware County,2,44215,22247,21968,1812,955,857,3947,2046,1901,1890,965,925,4063,2165,1898,37515,18778,18737,36566,18281,18285,14235,7281,6954,8757,4387,4370,12584,6328,6256,11162,5401,5761,1812,955,857,2067,1062,1005,2355,1220,1135,2942,1548,1394,2536,1346,1190,1989,1037,952,2293,1148,1145,2281,1135,1146,2194,1067,1127,2336,1192,1144,2898,1443,1455,3564,1779,1785,3786,1914,1872,3454,1761,1693,2963,1490,1473,2138,1072,1066,1319,582,737,1288,496,792,48.7,47.7,49.6
050,36,025,New York,Delaware County,3,44736,22528,22208,1826,952,874,3839,1993,1846,1899,960,939,4265,2274,1991,38112,19102,19010,37172,18623,18549,14758,7601,7157,9071,4607,4464,12396,6209,6187,11440,5533,5907,1826,952,874,1984,1002,982,2332,1231,1101,3040,1590,1450,2647,1404,1243,1968,1042,926,2337,1159,1178,2432,1249,1183,2334,1157,1177,2252,1126,1126,2859,1434,1425,3475,1711,1764,3810,1938,1872,3541,1793,1748,3075,1559,1516,2188,1072,1116,1337,590,747,1299,519,780,48.3,47.2,49.5
050,36,025,New York,Delaware County,4,44771,22556,22215,1802,939,863,3716,1944,1772,1942,988,954,4451,2381,2070,38276,19168,19108,37311,18685,18626,14983,7714,7269,9082,4609,4473,12128,6077,6051,11650,5618,6032,1802,939,863,1928,978,950,2280,1230,1050,3187,1654,1533,2714,1451,1263,1928,1001,927,2300,1150,1150,2441,1247,1194,2413,1211,1202,2248,1119,1129,2757,1394,1363,3337,1666,1671,3786,1898,1888,3580,1800,1780,3005,1508,1497,2347,1161,1186,1390,617,773,1328,532,796,48.1,46.9,49.3
050,36,025,New York,Delaware County,5,44533,22422,22111,1716,860,856,3616,1893,1723,1934,1000,934,4553,2444,2109,38256,19156,19100,37267,18669,18598,15105,7784,7321,9059,4582,4477,11816,5892,5924,11839,5751,6088,1716,860,856,1838,943,895,2219,1192,1027,3348,1747,1601,2698,1455,1243,1963,1009,954,2212,1089,1123,2431,1250,1181,2453,1234,1219,2265,1118,1147,2658,1321,1337,3179,1585,1594,3714,1868,1846,3631,1838,1793,2992,1487,1505,2378,1203,1175,1511,690,821,1327,533,794,48.0,46.9,49.1
050,36,025,New York,Delaware County,6,44481,22329,22152,1693,831,862,3501,1809,1692,1885,1004,881,4680,2491,2189,38381,19187,19194,37402,18685,18717,15128,7781,7347,9017,4541,4476,11596,5793,5803,12109,5860,6249,1693,831,862,1823,927,896,2132,1137,995,3393,1773,1620,2718,1467,1251,1975,1004,971,2094,1040,1054,2493,1253,1240,2455,1244,1211,2312,1146,1166,2567,1291,1276,3048,1491,1557,3669,1865,1804,3731,1880,1851,3041,1515,1526,2410,1199,1211,1583,733,850,1344,533,811,48.1,47.0,49.1
050,36,025,New York,Delaware County,7,44305,22208,22097,1688,824,864,3367,1748,1619,1852,1002,850,4666,2459,2207,38350,19149,19201,37398,18634,18764,15091,7795,7296,9031,4578,4453,11330,5628,5702,12371,5969,6402,1688,824,864,1773,929,844,2052,1063,989,3352,1779,1573,2708,1438,1270,2033,1080,953,2038,1001,1037,2503,1256,1247,2457,1241,1216,2386,1161,1225,2422,1219,1203,2998,1492,1506,3524,1756,1768,3767,1893,1874,3094,1542,1552,2500,1243,1257,1616,742,874,1394,549,845,48.2,47.0,49.3
050,36,027,New York,Dutchess County,1,297018,146372,150646,13315,6748,6567,28278,14504,13774,14740,7555,7185,31474,15591,15883,248372,121479,126893,240685,117565,123120,111785,56531,55254,69026,35155,33871,85507,42314,43193,54678,24505,30173,13315,6748,6567,14936,7723,7213,16797,8551,8246,21550,10573,10977,21209,10803,10406,17217,9056,8161,17379,8791,8588,17349,8750,8599,17081,8558,8523,17927,8886,9041,21365,10415,10950,23881,11805,12076,22334,11208,11126,17665,8435,9230,13891,6514,7377,9580,4266,5314,6486,2797,3689,7056,2493,4563,42.5,41.2,43.8
050,36,027,New York,Dutchess County,2,296309,145787,150522,13334,6762,6572,28158,14447,13711,14672,7513,7159,31420,15548,15872,247796,120967,126829,240145,117065,123080,111565,56297,55268,68920,34994,33926,84938,41931,43007,54867,24592,30275,13334,6762,6572,14852,7681,7171,16753,8524,8229,21400,10504,10896,21245,10799,10446,17141,8991,8150,17396,8777,8619,17322,8697,8625,17061,8529,8532,17673,8751,8922,21149,10282,10867,23753,11701,12052,22363,11197,11166,17754,8495,9259,13979,6538,7441,9632,4273,5359,6487,2802,3685,7015,2484,4531,42.5,41.2,43.8
050,36,027,New York,Dutchess County,3,297659,146649,151010,13421,6819,6602,27832,14259,13573,14397,7360,7037,31032,15446,15586,249481,122052,127429,242009,118211,123798,113057,57267,55790,71061,36192,34869,83601,41286,42315,56315,25287,31028,13421,6819,6602,14694,7596,7098,16571,8394,8177,20784,10266,10518,21212,10809,10403,17500,9189,8311,18131,9227,8904,17817,8962,8855,17613,8814,8799,17127,8569,8558,20596,10046,10550,23206,11387,11819,22672,11284,11388,18171,8727,9444,14631,6809,7822,9887,4419,5468,6547,2790,3757,7079,2542,4537,42.4,41.1,43.7
050,36,027,New York,Dutchess County,4,297214,145884,151330,13416,6745,6671,27401,14079,13322,14169,7206,6963,31016,15366,15650,249458,121548,127910,242228,117854,124374,113339,57031,56308,71604,36197,35407,81539,40144,41395,58069,26147,31922,13416,6745,6671,14545,7543,7002,16306,8274,8032,20748,10230,10518,20987,10604,10383,17218,8974,8244,18247,9189,9058,18176,9166,9010,17963,8868,9095,16971,8508,8463,19826,9693,10133,22263,10802,11461,22479,11141,11338,18695,9013,9682,14608,6827,7781,10784,4834,5950,6735,2848,3887,7247,2625,4622,42.5,41.3,43.7
050,36,027,New York,Dutchess County,5,297451,145979,151472,13246,6695,6551,27135,13902,13233,13918,7071,6847,31068,15398,15670,250286,121906,128380,243152,118311,124841,113916,57280,56636,72213,36495,35718,80069,39342,40727,59802,27076,32726,13246,6695,6551,14361,7337,7024,16057,8249,7808,20731,10168,10563,20972,10617,10355,17112,8870,8242,18322,9238,9084,18361,9280,9081,18418,9107,9311,17194,8613,8581,19235,9454,9781,21260,10294,10966,22380,10981,11399,19200,9349,9851,14807,6879,7928,11294,5089,6205,7145,3056,4089,7356,2703,4653,42.6,41.4,43.8
050,36,027,New York,Dutchess County,6,299256,146974,152282,13312,6719,6593,26925,13764,13161,13772,7004,6768,31083,15476,15607,252382,123099,129283,245247,119487,125760,115151,58085,57066,73621,37283,36338,78903,38701,40202,61640,28027,33613,13312,6719,6593,14293,7270,7023,15957,8172,7785,20384,10052,10332,21146,10750,10396,17571,9105,8466,18596,9405,9191,18824,9537,9287,18630,9236,9394,17465,8710,8755,18645,9226,9419,20506,9950,10556,22287,10815,11472,19578,9601,9977,15329,7124,8205,11637,5321,6316,7510,3147,4363,7586,2834,4752,42.6,41.3,43.8
050,36,027,New York,Dutchess County,7,300708,147861,152847,13361,6784,6577,26730,13682,13048,13569,6884,6685,30899,15347,15552,253977,124029,129948,247048,120511,126537,115867,58583,57284,74692,38017,36675,77894,38165,39729,63563,28982,34581,13361,6784,6577,14175,7188,6987,15848,8159,7689,20149,9853,10296,21026,10713,10313,18025,9350,8675,18432,9394,9038,19345,9854,9491,18890,9419,9471,17905,8913,8992,17999,8893,9106,20066,9747,10319,21924,10612,11312,20068,9874,10194,15815,7383,8432,12084,5498,6586,7785,3269,4516,7811,2958,4853,42.6,41.4,43.9
050,36,029,New York,Erie County,1,954226,463677,490549,49796,25546,24250,96924,49631,47293,45336,23008,22328,94967,48499,46468,785541,377306,408235,762170,365492,396678,370089,185521,184568,240561,119535,121026,249221,120420,128801,177421,77038,100383,49796,25546,24250,53150,27158,25992,54549,27994,26555,62404,31759,30645,67124,34227,32897,66228,33236,32992,64668,32119,32549,59044,29265,29779,50621,24915,25706,52242,25551,26691,60653,29497,31156,67618,32660,34958,68708,32712,35996,57290,27060,30230,44446,20280,24166,30930,13368,17562,20558,8207,12351,24197,8123,16074,40.0,38.3,41.8
050,36,029,New York,Erie County,2,952491,462795,489696,49669,25447,24222,96731,49525,47206,45160,22959,22201,94615,48245,46370,784152,376617,407535,760931,364864,396067,370085,185412,184673,241147,119772,121375,247793,119672,128121,177376,77175,100201,49669,25447,24222,53034,27115,25919,54534,27974,26560,61715,31400,30315,67223,34240,32983,65991,33129,32862,64811,32176,32635,59349,29375,29974,50996,25092,25904,51617,25258,26359,60313,29297,31016,67233,32472,34761,68630,32645,35985,57572,27184,30388,44771,20444,24327,30957,13387,17570,20392,8160,12232,23684,8000,15684,40.0,38.3,41.7
050,36,029,New York,Erie County,3,952725,462640,490085,48927,25047,23880,96158,49151,47007,44359,22691,21668,95528,48401,47127,785817,377187,408630,763281,365751,397530,373496,186831,186665,244596,121414,123182,241740,116684,125056,181417,79252,102165,48927,25047,23880,52786,26987,25799,54359,27839,26520,60380,30703,29677,68520,34714,33806,65409,32894,32515,65675,32595,33080,60733,29949,30784,52779,25976,26803,49066,24027,25039,59129,28694,30435,64987,31432,33555,68558,32531,36027,58912,27871,31041,47129,21544,25585,31367,13586,17781,20657,8357,12300,23352,7894,15458,40.0,38.4,41.6
050,36,029,New York,Erie County,4,949276,460951,488325,48542,24795,23747,95044,48517,46527,43840,22521,21319,93653,47576,46077,783685,376266,407419,761850,365118,396732,372895,186666,186229,246479,122290,124189,235890,113880,122010,185828,81372,104456,48542,24795,23747,52248,26687,25561,53873,27551,26322,59350,30325,29025,67066,34051,33015,64833,32652,32181,65794,32607,33187,61621,30291,31330,54231,26740,27491,48092,23557,24535,57243,27808,29435,62956,30399,32557,67599,32116,35483,60346,28536,31810,47270,21599,25671,33616,14664,18952,21538,8759,12779,23058,7814,15244,40.1,38.5,41.7
050,36,029,New York,Erie County,5,947418,459922,487496,47635,24293,23342,94669,48349,46320,43421,22305,21116,90946,46203,44743,783414,376152,407262,761693,364975,396718,373132,186788,186344,249433,123706,125727,230160,111183,118977,191154,83883,107271,47635,24293,23342,51908,26535,25373,53429,27240,26189,58864,30200,28664,64835,32882,31953,64910,32688,32222,66052,32770,33282,62546,30694,31852,55925,27554,28371,48292,23624,24668,54986,26809,28177,60871,29388,31483,66011,31362,34649,61990,29242,32748,48428,22173,26255,34688,15210,19478,22804,9301,13503,23244,7957,15287,40.3,38.8,41.9
050,36,029,New York,Erie County,6,947783,460464,487319,46820,23918,22902,94117,48207,45910,43527,22286,21241,88797,45328,43469,785305,377401,407904,763319,366053,397266,374680,187713,186967,253253,125639,127614,225335,108971,116364,195934,86115,109819,46820,23918,22902,51604,26455,25149,53410,27292,26118,58526,30000,28526,62901,32074,30827,65948,33102,32846,65847,32804,33043,63618,31201,32417,57840,28532,29308,49234,24070,25164,52493,25585,26908,58971,28510,30461,64637,30806,33831,62847,29591,33256,49794,22880,26914,36345,15991,20354,23566,9643,13923,23382,8010,15372,40.4,39.0,41.9
050,36,029,New York,Erie County,7,946741,459854,486887,46166,23607,22559,93654,48011,45643,43396,22122,21274,85496,43710,41786,785276,377245,408031,763525,366114,397411,374267,187406,186861,256117,127018,129099,221409,107204,114205,200503,88182,112321,46166,23607,22559,51111,26211,24900,53285,27244,26041,58348,29887,28461,59802,30501,29301,66974,33564,33410,65078,32384,32694,64568,31637,32931,59497,29433,30064,50348,24668,25680,50297,24528,25769,57621,27787,29834,63143,30221,32922,63075,29565,33510,51565,23778,27787,38243,16851,21392,24030,9896,14134,23590,8092,15498,40.6,39.2,42.1
050,36,031,New York,Essex County,1,37379,19007,18372,1503,766,737,3354,1713,1641,1696,888,808,2460,1299,1161,31672,16111,15561,30826,15640,15186,12263,6637,5626,8501,4625,3876,10919,5443,5476,8946,4273,4673,1503,766,737,1721,859,862,2027,1029,998,2041,1106,935,1721,906,815,2063,1151,912,2254,1228,1026,2163,1197,966,2021,1049,972,2209,1165,1044,2458,1206,1252,3064,1481,1583,3188,1591,1597,2871,1479,1392,2273,1110,1163,1624,797,827,1096,476,620,1082,411,671,47.8,46.0,49.7
050,36,031,New York,Essex County,2,37275,18910,18365,1489,751,738,3317,1687,1630,1710,901,809,2447,1292,1155,31620,16050,15570,30759,15571,15188,12221,6579,5642,8466,4578,3888,10864,5414,5450,8982,4287,4695,1489,751,738,1695,846,849,2024,1033,991,2042,1098,944,1713,903,810,2040,1131,909,2234,1208,1026,2174,1196,978,2018,1043,975,2177,1151,1026,2427,1186,1241,3062,1476,1586,3198,1601,1597,2878,1474,1404,2313,1133,1180,1622,796,826,1088,473,615,1081,411,670,47.9,46.1,49.7
050,36,031,New York,Essex County,3,37238,18917,18321,1427,721,706,3213,1625,1588,1716,904,812,2433,1303,1130,31781,16151,15630,30882,15667,15215,12361,6618,5743,8614,4633,3981,10671,5350,5321,9164,4381,4783,1427,721,706,1684,856,828,1931,991,940,2026,1063,963,1721,922,799,2038,1113,925,2242,1214,1028,2260,1228,1032,2074,1078,996,2095,1134,961,2372,1165,1207,2934,1405,1529,3270,1646,1624,2897,1465,1432,2473,1229,1244,1607,792,815,1108,477,631,1079,418,661,48.0,46.3,49.9
050,36,031,New York,Essex County,4,36756,18639,18117,1355,683,672,3068,1549,1519,1688,891,797,2397,1292,1105,31534,15976,15558,30645,15516,15129,12158,6518,5640,8460,4541,3919,10401,5189,5212,9387,4494,4893,1355,683,672,1611,822,789,1844,933,911,2018,1067,951,1680,910,770,1951,1062,889,2244,1210,1034,2188,1197,991,2077,1072,1005,2017,1059,958,2345,1165,1180,2756,1342,1414,3283,1623,1660,2964,1492,1472,2471,1243,1228,1734,853,881,1137,503,634,1081,403,678,48.6,46.8,50.5
050,36,031,New York,Essex County,5,36686,18608,18078,1288,655,633,2955,1480,1475,1646,867,779,2380,1267,1113,31649,16059,15590,30797,15606,15191,12163,6534,5629,8521,4595,3926,10236,5096,5140,9660,4648,5012,1288,655,633,1572,798,774,1767,877,890,1982,1052,930,1660,887,773,1938,1043,895,2241,1234,1007,2233,1233,1000,2109,1085,1024,2003,1034,969,2327,1162,1165,2666,1305,1361,3240,1595,1645,3047,1528,1519,2522,1275,1247,1792,877,915,1210,562,648,1089,406,683,48.9,47.2,50.7
050,36,031,New York,Essex County,6,36539,18541,17998,1193,618,575,2833,1431,1402,1630,870,760,2375,1256,1119,31743,16104,15639,30883,15622,15261,12181,6553,5628,8553,4612,3941,10023,4957,5066,9932,4797,5135,1193,618,575,1525,781,744,1685,835,850,1975,1050,925,1653,891,762,1905,1045,860,2198,1203,995,2301,1234,1067,2149,1130,1019,2020,1026,994,2277,1175,1102,2577,1243,1334,3149,1513,1636,3138,1562,1576,2592,1328,1264,1848,893,955,1233,580,653,1121,434,687,49.2,47.3,51.1
050,36,031,New York,Essex County,7,36438,18653,17785,1127,602,525,2744,1382,1362,1540,823,717,2403,1304,1099,31852,16310,15542,31027,15846,15181,12304,6723,5581,8676,4759,3917,9783,4860,4923,10165,4923,5242,1127,602,525,1460,736,724,1599,809,790,1932,1030,902,1696,934,762,1917,1076,841,2147,1199,948,2384,1273,1111,2228,1211,1017,2043,1037,1006,2173,1137,1036,2489,1218,1271,3078,1468,1610,3183,1570,1613,2630,1344,1286,1960,967,993,1236,595,641,1156,447,709,49.1,47.1,51.4
050,36,033,New York,Franklin County,1,47554,25246,22308,2396,1216,1180,5076,2646,2430,2198,1146,1052,3811,2205,1606,38946,20783,18163,37884,20238,17646,17452,9964,7488,12009,6907,5102,13115,6863,6252,8949,4263,4686,2396,1216,1180,2738,1440,1298,2904,1500,1404,2738,1478,1260,2705,1579,1126,3019,1800,1219,3102,1779,1323,3147,1786,1361,2741,1542,1199,2702,1463,1239,3110,1676,1434,3680,1887,1793,3623,1837,1786,2959,1468,1491,2375,1210,1165,1675,818,857,975,415,560,965,352,613,41.8,40.1,44.1
050,36,033,New York,Franklin County,2,47252,24932,22320,2400,1224,1176,5051,2633,2418,2208,1148,1060,3783,2169,1614,38659,20477,18182,37593,19927,17666,17242,9739,7503,11824,6716,5108,12992,6769,6223,8994,4273,4721,2400,1224,1176,2725,1428,1297,2899,1499,1400,2737,1479,1258,2681,1544,1137,2953,1734,1219,3059,1734,1325,3092,1731,1361,2720,1517,1203,2650,1430,1220,3054,1633,1421,3662,1870,1792,3626,1836,1790,2989,1480,1509,2401,1218,1183,1657,802,855,986,420,566,961,353,608,41.9,40.3,44.1
050,36,033,New York,Franklin County,3,46801,24454,22347,2355,1195,1160,4925,2566,2359,2255,1162,1093,3773,2123,1650,38361,20103,18258,37266,19531,17735,17004,9431,7573,11566,6445,5121,12649,6554,6095,9278,4409,4869,2355,1195,1160,2625,1348,1277,2890,1517,1373,2750,1479,1271,2688,1507,1181,2827,1616,1211,3017,1693,1324,3023,1663,1360,2699,1473,1226,2549,1367,1182,2892,1526,1366,3525,1788,1737,3683,1873,1810,3070,1522,1548,2534,1278,1256,1656,788,868,1056,463,593,962,358,604,42.2,40.7,44.2
050,36,033,New York,Franklin County,4,46112,23887,22225,2330,1178,1152,4814,2493,2321,2313,1207,1106,3671,2057,1614,37791,19607,18184,36655,19009,17646,16599,9057,7542,11207,6108,5099,12278,6307,5971,9499,4537,4962,2330,1178,1152,2581,1319,1262,2825,1489,1336,2788,1490,1298,2604,1459,1145,2707,1508,1199,2900,1614,1286,2927,1571,1356,2673,1415,1258,2517,1349,1168,2768,1424,1344,3307,1680,1627,3686,1854,1832,3158,1571,1587,2497,1274,1223,1834,864,970,1064,478,586,946,350,596,42.4,41.0,44.2
050,36,033,New York,Franklin County,5,46224,24074,22150,2260,1171,1089,4714,2441,2273,2320,1192,1128,3770,2153,1617,38076,19849,18227,36930,19270,17660,16813,9258,7555,11304,6213,5091,12032,6201,5831,9824,4703,5121,2260,1171,1089,2527,1293,1234,2768,1448,1320,2842,1527,1315,2667,1518,1149,2648,1487,1161,2906,1653,1253,2950,1597,1353,2800,1476,1324,2552,1397,1155,2714,1398,1316,3180,1617,1563,3586,1789,1797,3305,1641,1664,2548,1277,1271,1943,942,1001,1076,484,592,952,359,593,42.6,41.0,44.5
050,36,033,New York,Franklin County,6,46983,24873,22110,2164,1135,1029,4648,2402,2246,2297,1190,1107,3864,2241,1623,39044,20755,18289,37874,20146,17728,17540,9945,7595,11936,6804,5132,11935,6241,5694,10139,4860,5279,2164,1135,1029,2485,1269,1216,2720,1423,1297,2852,1538,1314,2752,1603,1149,2825,1654,1171,3050,1803,1247,3114,1765,1349,2947,1582,1365,2639,1471,1168,2693,1424,1269,3086,1614,1472,3517,1732,1785,3373,1703,1670,2652,1307,1345,1979,951,1028,1180,550,630,955,349,606,42.5,40.7,44.7
050,36,033,New York,Franklin County,7,46500,24376,22124,2060,1066,994,4640,2394,2246,2267,1183,1084,3818,2172,1646,38688,20331,18357,37533,19733,17800,17285,9625,7660,11758,6567,5191,11581,6038,5543,10376,4956,5420,2060,1066,994,2479,1256,1223,2719,1435,1284,2847,1522,1325,2680,1536,1144,2779,1592,1187,2968,1707,1261,3059,1704,1355,2952,1564,1388,2641,1472,1169,2588,1358,1230,2918,1524,1394,3434,1684,1750,3407,1729,1678,2723,1304,1419,2049,997,1052,1243,582,661,954,344,610,42.7,41.1,44.6
050,36,035,New York,Fulton County,1,53334,26597,26737,2621,1371,1250,5477,2785,2692,2545,1335,1210,3951,2089,1862,43936,21762,22174,42691,21106,21585,18135,9384,8751,12293,6312,5981,15269,7631,7638,11178,5074,6104,2621,1371,1250,2932,1520,1412,3199,1617,1582,3125,1633,1492,2717,1439,1278,2898,1519,1379,3085,1576,1509,3252,1639,1613,3058,1578,1480,3178,1569,1609,3686,1875,1811,4262,2151,2111,4143,2036,2107,3598,1734,1864,3078,1456,1622,2003,891,1112,1244,538,706,1255,455,800,44.6,43.0,46.3
050,36,035,New York,Fulton County,2,53084,26435,26649,2589,1356,1233,5451,2775,2676,2548,1326,1222,3945,2078,1867,43747,21634,22113,42496,20978,21518,18068,9309,8759,12224,6245,5979,15152,7569,7583,11175,5086,6089,2589,1356,1233,2909,1508,1401,3191,1607,1584,3112,1620,1492,2732,1444,1288,2847,1485,1362,3078,1563,1515,3237,1620,1617,3062,1577,1485,3128,1542,1586,3648,1855,1793,4232,2126,2106,4144,2046,2098,3603,1739,1864,3102,1471,1631,2008,897,1111,1228,527,701,1234,452,782,44.6,43.1,46.2
050,36,035,New York,Fulton County,3,52862,26279,26583,2486,1306,1180,5396,2759,2637,2591,1334,1257,3973,2080,1893,43664,21548,22116,42389,20880,21509,18156,9316,8840,12254,6230,6024,14833,7399,7434,11329,5171,6158,2486,1306,1180,2874,1484,1390,3184,1603,1581,3065,1597,1468,2837,1489,1348,2762,1438,1324,3113,1579,1534,3239,1600,1639,3140,1613,1527,2993,1478,1515,3541,1791,1750,4105,2046,2059,4194,2084,2110,3638,1761,1877,3215,1517,1698,2025,913,1112,1228,525,703,1223,455,768,44.6,43.3,46.1
050,36,035,New York,Fulton County,4,52403,25929,26474,2490,1295,1195,5190,2656,2534,2636,1314,1322,3907,2049,1858,43382,21341,22041,42087,20664,21423,17985,9179,8806,12125,6131,5994,14509,7245,7264,11546,5239,6307,2490,1295,1195,2819,1451,1368,3054,1520,1534,3021,1568,1453,2839,1480,1359,2716,1410,1306,3084,1549,1535,3170,1555,1615,3155,1617,1538,2898,1455,1443,3502,1753,1749,3960,1974,1986,4149,2063,2086,3691,1794,1897,3178,1438,1740,2196,1017,1179,1287,543,744,1194,447,747,44.8,43.6,46.2
050,36,035,New York,Fulton County,5,52468,26026,26442,2465,1284,1181,5121,2643,2478,2592,1282,1310,3910,2064,1846,43590,21482,22108,42290,20817,21473,18126,9252,8874,12226,6205,6021,14346,7163,7183,11808,5385,6423,2465,1284,1181,2785,1431,1354,2938,1511,1427,3091,1581,1510,2809,1466,1343,2859,1516,1343,2990,1500,1490,3216,1601,1615,3161,1588,1573,3028,1546,1482,3392,1667,1725,3842,1923,1919,4084,2027,2057,3721,1824,1897,3158,1449,1709,2320,1053,1267,1378,592,786,1231,467,764,44.9,43.5,46.2
050,36,035,New York,Fulton County,6,52184,25843,26341,2358,1250,1108,5064,2581,2483,2551,1261,1290,3897,2071,1826,43547,21386,22161,42211,20751,21460,18041,9207,8834,12199,6197,6002,14073,6969,7104,12042,5514,6528,2358,1250,1108,2733,1384,1349,2937,1519,1418,3036,1513,1523,2806,1497,1309,2887,1530,1357,2925,1465,1460,3204,1602,1602,3183,1600,1583,3044,1523,1521,3271,1607,1664,3672,1836,1836,4086,2003,2083,3774,1854,1920,3098,1445,1653,2480,1136,1344,1436,612,824,1254,467,787,45.0,43.6,46.4
050,36,035,New York,Fulton County,7,52216,25949,26267,2286,1212,1074,4940,2524,2416,2513,1275,1238,3946,2077,1869,43767,21567,22200,42477,20938,21539,18221,9379,8842,12372,6343,6029,13901,6903,6998,12258,5615,6643,2286,1212,1074,2655,1364,1291,2895,1476,1419,3015,1530,1485,2834,1506,1328,2978,1600,1378,2958,1529,1429,3182,1595,1587,3254,1619,1635,3080,1547,1533,3158,1545,1613,3609,1802,1807,4054,2009,2045,3808,1871,1937,3070,1450,1620,2607,1190,1417,1501,643,858,1272,461,811,45.1,43.6,46.6
050,36,037,New York,Genesee County,1,58383,29374,29009,2964,1496,1468,5891,2917,2974,2721,1428,1293,4587,2420,2167,48156,24252,23904,46807,23533,23274,20461,10751,9710,13871,7299,6572,16715,8384,8331,11634,5430,6204,2964,1496,1468,3167,1569,1598,3442,1744,1698,3344,1748,1596,3246,1704,1542,3643,1952,1691,3603,1863,1740,3536,1868,1668,3089,1616,1473,3294,1675,1619,4073,2025,2048,4665,2331,2334,4683,2353,2330,3634,1812,1822,2928,1404,1524,2127,1009,1118,1386,619,767,1559,586,973,43.6,42.2,45.1
050,36,037,New York,Genesee County,2,58299,29323,28976,2964,1495,1469,5858,2897,2961,2733,1421,1312,4568,2425,2143,48093,24216,23877,46744,23510,23234,20463,10767,9696,13876,7302,6574,16610,8333,8277,11690,5450,6240,2964,1495,1469,3147,1551,1596,3425,1727,1698,3344,1749,1595,3243,1716,1527,3617,1923,1694,3602,1874,1728,3553,1875,1678,3104,1630,1474,3253,1652,1601,4049,2024,2025,4614,2296,2318,4694,2361,2333,3674,1828,1846,2923,1401,1522,2135,1014,1121,1391,621,770,1567,586,981,43.6,42.2,45.1
050,36,037,New York,Genesee County,3,57925,29181,28744,2855,1458,1397,5744,2843,2901,2757,1397,1360,4531,2467,2064,47908,24157,23751,46569,23483,23086,20529,10851,9678,13931,7323,6608,16211,8134,8077,11896,5559,6337,2855,1458,1397,3103,1537,1566,3331,1642,1689,3363,1771,1592,3235,1757,1478,3442,1818,1624,3676,1917,1759,3600,1902,1698,3213,1686,1527,3082,1561,1521,3999,2015,1984,4407,2176,2231,4723,2382,2341,3851,1915,1936,2987,1426,1561,2120,1022,1098,1392,609,783,1546,587,959,43.6,42.2,45.1
050,36,037,New York,Genesee County,4,57584,28996,28588,2890,1453,1437,5612,2794,2818,2736,1388,1348,4468,2394,2074,47728,24071,23657,46346,23361,22985,20501,10799,9702,13947,7348,6599,15650,7843,7807,12281,5776,6505,2890,1453,1437,3041,1518,1523,3221,1607,1614,3340,1723,1617,3214,1728,1486,3256,1700,1556,3732,1995,1737,3657,1933,1724,3302,1720,1582,3002,1552,1450,3768,1889,1879,4311,2127,2184,4569,2275,2294,4032,2018,2014,3003,1416,1587,2218,1079,1139,1468,657,811,1560,606,954,43.6,42.3,45.1
050,36,037,New York,Genesee County,5,58016,29283,28733,2859,1406,1453,5626,2827,2799,2776,1411,1365,4510,2343,2167,48217,24375,23842,46755,23639,23116,21013,11128,9885,14392,7716,6676,15266,7636,7630,12587,5944,6643,2859,1406,1453,3052,1543,1509,3239,1626,1613,3427,1728,1699,3194,1684,1510,3302,1726,1576,3869,2128,1741,3786,2055,1731,3435,1807,1628,2984,1553,1431,3614,1793,1821,4198,2065,2133,4470,2225,2245,4158,2051,2107,3075,1500,1575,2251,1066,1185,1578,714,864,1525,613,912,43.2,42.0,44.7
050,36,037,New York,Genesee County,6,58428,29606,28822,2726,1375,1351,5583,2831,2752,2766,1359,1407,4635,2374,2261,48779,24729,24050,47353,24041,23312,21538,11419,10119,14791,8003,6788,15010,7542,7468,12917,6122,6795,2726,1375,1351,3068,1563,1505,3169,1585,1584,3527,1735,1792,3220,1681,1539,3351,1772,1579,3855,2066,1789,4046,2319,1727,3539,1846,1693,3032,1601,1431,3477,1757,1720,4039,1993,2046,4462,2191,2271,4209,2070,2139,3186,1579,1607,2328,1096,1232,1642,751,891,1552,626,926,43.2,41.9,44.6
050,36,037,New York,Genesee County,7,58416,29693,28723,2597,1344,1253,5571,2818,2753,2698,1354,1344,4614,2369,2245,48915,24874,24041,47550,24177,23373,21618,11523,10095,14972,8131,6841,14766,7434,7332,13198,6243,6955,2597,1344,1253,3039,1546,1493,3198,1603,1595,3456,1729,1727,3190,1663,1527,3477,1865,1612,3716,1965,1751,4148,2384,1764,3631,1917,1714,3143,1660,1483,3290,1673,1617,3937,1945,1992,4396,2156,2240,4250,2094,2156,3244,1607,1637,2470,1145,1325,1664,763,901,1570,634,936,43.2,41.8,44.8
050,36,039,New York,Greene County,1,47926,24741,23185,2086,1075,1011,4172,2088,2084,2033,1097,936,3513,2057,1456,40666,21011,19655,39635,20481,19154,16302,9017,7285,11250,6142,5108,14187,7215,6972,10685,5067,5618,2086,1075,1011,2215,1120,1095,2451,1247,1204,2459,1352,1107,2593,1523,1070,2745,1552,1193,2984,1619,1365,2832,1543,1289,2689,1428,1261,2920,1480,1440,3374,1745,1629,3994,2056,1938,3899,1934,1965,3441,1728,1713,2875,1398,1477,1985,930,1055,1188,555,633,1196,456,740,46.6,44.7,48.6
050,36,039,New York,Greene County,2,47743,24570,23173,2089,1070,1019,4151,2086,2065,2047,1097,950,3486,2025,1461,40501,20858,19643,39456,20317,19139,16215,8914,7301,11176,6061,5115,14084,7150,6934,10710,5081,5629,2089,1070,1019,2205,1121,1084,2440,1234,1206,2453,1352,1101,2586,1501,1085,2696,1509,1187,2991,1617,1374,2797,1514,1283,2692,1421,1271,2892,1463,1429,3329,1720,1609,3963,2030,1933,3900,1937,1963,3456,1727,1729,2891,1413,1478,1987,932,1055,1180,551,629,1196,458,738,46.7,44.8,48.5
050,36,039,New York,Greene County,3,48272,24858,23414,2142,1100,1042,4054,2055,1999,2045,1067,978,3519,2051,1468,41102,21197,19905,40031,20636,19395,16670,9171,7499,11586,6284,5302,13933,7085,6848,10993,5216,5777,2142,1100,1042,2149,1102,1047,2385,1184,1201,2433,1343,1090,2651,1544,1107,2670,1478,1192,3158,1724,1434,2944,1582,1362,2814,1500,1314,2871,1472,1399,3260,1672,1588,3848,1961,1887,3954,1980,1974,3501,1727,1774,3032,1491,1541,2064,975,1089,1174,534,640,1222,489,733,46.5,44.5,48.4
050,36,039,New York,Greene County,4,47654,24393,23261,2104,1097,1007,3988,2022,1966,1931,1012,919,3352,1926,1426,40623,20802,19821,39631,20262,19369,16341,8920,7421,11523,6218,5305,13420,6746,6674,11336,5372,5964,2104,1097,1007,2127,1095,1032,2326,1163,1163,2336,1263,1073,2482,1439,1043,2519,1383,1136,3136,1661,1475,3020,1654,1366,2848,1520,1328,2762,1419,1343,3098,1541,1557,3679,1843,1836,3881,1943,1938,3585,1782,1803,3018,1478,1540,2274,1074,1200,1228,557,671,1231,481,750,46.8,44.7,48.8
050,36,039,New York,Greene County,5,47411,24334,23077,2097,1107,990,3911,2006,1905,1858,954,904,3362,1963,1399,40491,20753,19738,39545,20267,19278,16372,8976,7396,11594,6289,5305,13026,6557,6469,11563,5458,6105,2097,1107,990,2102,1072,1030,2251,1164,1087,2298,1237,1061,2480,1450,1030,2561,1411,1150,3090,1653,1437,3051,1659,1392,2892,1566,1326,2707,1393,1314,2996,1485,1511,3458,1735,1723,3865,1944,1921,3566,1764,1802,3091,1514,1577,2335,1102,1233,1317,607,710,1254,471,783,46.7,44.5,49.0
050,36,039,New York,Greene County,6,47311,24377,22934,2002,1064,938,3829,1984,1845,1888,949,939,3299,1973,1326,40570,20869,19701,39592,20380,19212,16419,9077,7342,11699,6380,5319,12796,6469,6327,11798,5558,6240,2002,1064,938,2062,1042,1020,2234,1167,1067,2252,1225,1027,2468,1472,996,2545,1410,1135,3124,1683,1441,3107,1680,1427,2923,1607,1316,2731,1434,1297,2964,1472,1492,3266,1649,1617,3835,1914,1921,3588,1759,1829,3147,1544,1603,2357,1106,1251,1461,664,797,1245,485,760,46.7,44.5,49.2
050,36,039,New York,Greene County,7,47238,24373,22865,1918,1027,891,3776,1930,1846,1857,957,900,3247,1976,1271,40632,20948,19684,39687,20459,19228,16457,9090,7367,11798,6395,5403,12593,6415,6178,12049,5673,6376,1918,1027,891,2076,1056,1020,2145,1112,1033,2221,1189,1032,2438,1506,932,2608,1448,1160,2999,1636,1363,3234,1703,1531,2957,1608,1349,2763,1488,1275,2913,1478,1435,3157,1596,1561,3760,1853,1907,3637,1783,1854,3170,1548,1622,2396,1123,1273,1569,701,868,1277,518,759,46.8,44.7,49.4
050,36,041,New York,Hamilton County,1,5102,2604,2498,126,60,66,297,165,132,182,86,96,256,139,117,4584,2332,2252,4497,2293,2204,1245,631,614,845,422,423,1647,854,793,1749,878,871,126,60,66,175,94,81,160,87,73,223,117,106,177,92,85,209,103,106,194,101,93,235,117,118,207,101,106,260,134,126,333,175,158,490,272,218,564,273,291,576,296,280,506,263,243,331,166,165,188,88,100,148,65,83,57.8,57.4,58.3
050,36,041,New York,Hamilton County,2,5073,2584,2489,125,59,66,297,166,131,180,87,93,255,137,118,4562,2316,2246,4471,2272,2199,1236,625,611,839,417,422,1629,841,788,1748,877,871,125,59,66,177,94,83,158,88,70,220,115,105,177,93,84,205,99,106,194,102,92,235,116,119,205,100,105,253,131,122,327,169,158,483,269,214,566,272,294,569,293,276,511,267,244,332,164,168,185,87,98,151,66,85,57.9,57.5,58.4
050,36,041,New York,Hamilton County,3,5109,2588,2521,130,49,81,309,174,135,167,86,81,263,137,126,4599,2331,2268,4503,2279,2224,1266,639,627,869,433,436,1580,807,773,1791,902,889,130,49,81,189,97,92,153,94,59,209,104,105,188,102,86,208,97,111,208,111,97,233,113,120,220,112,108,237,121,116,321,160,161,444,247,197,578,279,299,572,292,280,525,283,242,353,172,181,183,88,95,158,67,91,58.0,57.8,58.3
050,36,041,New York,Hamilton County,4,5102,2574,2528,124,45,79,315,171,144,145,77,68,271,132,139,4601,2322,2279,4518,2281,2237,1268,633,635,881,443,438,1534,787,747,1832,919,913,124,45,79,175,90,85,169,100,69,190,93,97,197,97,100,206,100,106,214,114,100,226,107,119,235,122,113,216,109,107,346,166,180,427,237,190,545,275,270,593,287,306,517,281,236,358,175,183,202,103,99,162,73,89,58.1,58.2,58.0
050,36,041,New York,Hamilton County,5,5068,2559,2509,127,47,80,316,165,151,127,71,56,266,133,133,4563,2307,2256,4498,2276,2222,1244,633,611,881,449,432,1478,756,722,1873,938,935,127,47,80,162,85,77,184,100,84,172,91,81,191,93,98,203,104,99,221,113,108,225,119,106,232,113,119,224,111,113,331,157,174,404,223,181,519,265,254,590,284,306,532,283,249,362,181,181,216,114,102,173,76,97,58.5,58.5,58.5
050,36,041,New York,Hamilton County,6,5083,2575,2508,142,60,82,311,162,149,120,68,52,266,127,139,4573,2318,2255,4510,2285,2225,1254,646,608,895,466,429,1444,741,703,1905,951,954,142,60,82,149,76,73,189,101,88,161,85,76,198,95,103,217,116,101,218,111,107,224,123,101,236,116,120,231,112,119,308,147,161,391,212,179,514,270,244,581,286,295,517,262,255,408,212,196,229,110,119,170,81,89,58.7,58.6,58.7
050,36,041,New York,Hamilton County,7,5006,2541,2465,134,62,72,307,151,156,131,75,56,262,126,136,4497,2291,2206,4434,2253,2181,1221,637,584,865,454,411,1394,719,675,1913,954,959,134,62,72,147,67,80,197,102,95,145,81,64,211,102,109,209,110,99,194,99,95,225,125,100,237,120,117,229,109,120,290,142,148,353,191,162,522,277,245,550,271,279,529,273,256,420,213,207,240,110,130,174,87,87,59.1,58.9,59.2
050,36,043,New York,Herkimer County,1,60155,29766,30389,3062,1583,1479,6305,3227,3078,3012,1489,1523,4695,2448,2247,49280,24209,25071,47776,23467,24309,20266,10251,10015,13320,6703,6617,16771,8282,8489,12990,6034,6956,3062,1583,1479,3425,1743,1682,3641,1873,1768,3751,1866,1885,3195,1682,1513,3304,1668,1636,3417,1726,1691,3358,1723,1635,3241,1586,1655,3398,1716,1682,3922,1949,1973,4767,2340,2427,4684,2277,2407,4157,2042,2115,3480,1700,1780,2336,1074,1262,1509,666,843,1508,552,956,44.5,43.0,45.8
050,36,043,New York,Herkimer County,2,60043,29727,30316,3062,1587,1475,6277,3213,3064,3005,1477,1528,4697,2450,2247,49206,24183,25023,47699,23450,24249,20255,10262,9993,13301,6714,6587,16662,8224,8438,13039,6062,6977,3062,1587,1475,3402,1731,1671,3623,1861,1762,3737,1859,1878,3217,1689,1528,3283,1666,1617,3397,1723,1674,3384,1729,1655,3237,1596,1641,3360,1688,1672,3892,1936,1956,4727,2326,2401,4683,2274,2409,4183,2049,2134,3501,1713,1788,2343,1083,1260,1502,659,843,1510,558,952,44.5,43.0,45.8
050,36,043,New York,Herkimer County,3,60036,29763,30273,3059,1595,1464,6241,3217,3024,3001,1457,1544,4761,2469,2292,49240,24202,25038,47735,23494,24241,20425,10355,10070,13405,6792,6613,16277,8037,8240,13292,6196,7096,3059,1595,1464,3350,1728,1622,3633,1852,1781,3687,1835,1852,3333,1728,1605,3253,1667,1586,3397,1728,1669,3452,1747,1705,3303,1650,1653,3255,1623,1632,3800,1898,1902,4511,2239,2272,4711,2277,2434,4254,2062,2192,3658,1797,1861,2370,1108,1262,1484,646,838,1526,583,943,44.2,42.8,45.6
050,36,043,New York,Herkimer County,4,59581,29581,30000,2948,1538,1410,6160,3222,2938,3032,1508,1524,4743,2450,2293,48955,24066,24889,47441,23313,24128,20395,10355,10040,13393,6784,6609,15819,7832,7987,13486,6247,7239,2948,1538,1410,3358,1755,1603,3575,1854,1721,3693,1840,1853,3309,1731,1578,3081,1589,1492,3385,1700,1685,3469,1755,1714,3458,1740,1718,3150,1577,1573,3683,1810,1873,4296,2138,2158,4690,2307,2383,4234,2029,2205,3642,1781,1861,2529,1206,1323,1575,657,918,1506,574,932,44.3,42.8,45.7
050,36,043,New York,Herkimer County,5,59551,29593,29958,2924,1502,1422,6141,3210,2931,2971,1519,1452,4736,2445,2291,49018,24122,24896,47515,23362,24153,20507,10434,10073,13492,6839,6653,15511,7674,7837,13776,6404,7372,2924,1502,1422,3370,1763,1607,3463,1816,1647,3695,1853,1842,3320,1742,1578,3088,1591,1497,3422,1738,1684,3480,1725,1755,3502,1785,1717,3136,1574,1562,3547,1739,1808,4175,2091,2084,4653,2270,2383,4255,2030,2225,3663,1800,1863,2650,1270,1380,1682,716,966,1526,588,938,44.3,42.9,45.7
050,36,043,New York,Herkimer County,6,59368,29539,29829,2914,1456,1458,6090,3181,2909,2884,1483,1401,4774,2479,2295,48997,24178,24819,47480,23419,24061,20488,10504,9984,13508,6901,6607,15170,7497,7673,14028,6542,7486,2914,1456,1458,3275,1702,1573,3493,1838,1655,3633,1864,1769,3347,1739,1608,3087,1613,1474,3407,1728,1679,3562,1752,1810,3452,1808,1644,3179,1546,1633,3445,1740,1705,3933,1958,1975,4613,2253,2360,4318,2067,2251,3651,1782,1869,2818,1347,1471,1712,761,951,1529,585,944,44.3,43.1,45.7
050,36,043,New York,Herkimer County,7,59219,29414,29805,2894,1439,1455,6007,3126,2881,2888,1487,1401,4684,2405,2279,48901,24112,24789,47430,23362,24068,20422,10397,10025,13586,6874,6712,14902,7422,7480,14258,6661,7597,2894,1439,1455,3210,1657,1553,3533,1838,1695,3583,1855,1728,3253,1668,1585,3210,1642,1568,3334,1674,1660,3550,1772,1778,3492,1786,1706,3286,1633,1653,3339,1701,1638,3759,1868,1891,4518,2220,2298,4342,2085,2257,3695,1786,1909,2945,1423,1522,1755,785,970,1521,582,939,44.4,43.3,45.5
050,36,045,New York,Jefferson County,1,116710,60867,55843,8213,4242,3971,13476,6850,6626,5177,2601,2576,15025,9313,5712,92362,48425,43937,89844,47174,42670,50567,28408,22159,31728,17206,14522,25862,12789,13073,17229,7866,9363,8213,4242,3971,7544,3866,3678,7295,3696,3599,7234,3914,3320,11605,7288,4317,10091,5860,4231,8247,4401,3846,7445,3891,3554,5945,3054,2891,5561,2828,2733,6377,3168,3209,7160,3505,3655,6764,3288,3476,5672,2734,2938,4543,2196,2347,3096,1469,1627,1805,765,1040,2113,702,1411,33.9,31.7,36.3
050,36,045,New York,Jefferson County,2,116075,60474,55601,8169,4220,3949,13424,6822,6602,5176,2600,2576,14896,9242,5654,91830,48084,43746,89306,46832,42474,50163,28150,22013,31439,17004,14435,25607,12652,12955,17364,7934,9430,8169,4220,3949,7513,3844,3669,7259,3674,3585,7228,3928,3300,11496,7218,4278,9965,5773,4192,8145,4352,3793,7402,3844,3558,5927,3035,2892,5452,2756,2696,6287,3128,3159,7074,3463,3611,6794,3305,3489,5701,2742,2959,4607,2221,2386,3116,1482,1634,1806,769,1037,2134,720,1414,33.9,31.7,36.4
050,36,045,New York,Jefferson County,3,117019,61204,55815,8193,4210,3983,13430,6854,6576,5223,2666,2557,15613,9857,5756,92710,48748,43962,90173,47474,42699,51351,29076,22275,31868,17247,14621,24846,12199,12647,17846,8171,9675,8193,4210,3983,7534,3898,3636,7249,3650,3599,7166,3992,3174,12317,7837,4480,10095,5867,4228,8187,4396,3791,7469,3834,3635,6117,3150,2967,5129,2551,2578,6034,2993,3041,6792,3329,3463,6891,3326,3565,5825,2782,3043,4845,2349,2496,3175,1500,1675,1872,814,1058,2129,726,1403,33.6,31.2,36.3
050,36,045,New York,Jefferson County,4,115493,60335,55158,8238,4274,3964,13214,6806,6408,5198,2671,2527,14742,9211,5531,91363,47893,43470,88843,46584,42259,50342,28364,21978,31792,17189,14603,24005,11809,12196,18304,8375,9929,8238,4274,3964,7468,3893,3575,7136,3620,3516,6923,3853,3070,11627,7322,4305,10007,5773,4234,8269,4439,3830,7310,3754,3556,6206,3223,2983,5036,2502,2534,5703,2840,2863,6496,3185,3311,6770,3282,3488,6029,2867,3162,4793,2331,2462,3402,1595,1807,1978,886,1092,2102,696,1406,33.7,31.4,36.5
050,36,045,New York,Jefferson County,5,113280,58607,54673,8112,4142,3970,13083,6755,6328,5294,2706,2588,13194,8039,5155,89368,46342,43026,86791,45004,41787,48746,27053,21693,31617,16975,14642,23266,11458,11808,18714,8532,10182,8112,4142,3970,7454,3862,3592,6988,3560,3428,6718,3681,3037,10411,6397,4014,9579,5402,4177,8535,4576,3959,7259,3762,3497,6244,3235,3009,5002,2516,2486,5427,2666,2761,6181,3040,3141,6656,3236,3420,6112,2899,3213,4877,2346,2531,3522,1662,1860,2078,903,1175,2125,722,1403,34.2,32.3,36.7
050,36,045,New York,Jefferson County,6,112795,58531,54264,7908,4089,3819,12836,6643,6193,5462,2749,2713,13072,8057,5015,89236,46406,42830,86589,45050,41539,48782,27195,21587,31703,17101,14602,22609,11128,11481,19205,8764,10441,7908,4089,3819,7341,3806,3535,6950,3549,3401,6825,3733,3092,10254,6361,3893,9500,5381,4119,8609,4711,3898,7206,3721,3485,6388,3288,3100,5068,2543,2525,5160,2542,2618,5880,2909,2971,6501,3134,3367,6196,2944,3252,4959,2362,2597,3672,1736,1936,2250,985,1265,2128,737,1391,34.4,32.4,37.0
050,36,045,New York,Jefferson County,7,111540,57761,53779,7651,3992,3659,12722,6557,6165,5498,2758,2740,12360,7709,4651,88369,45816,42553,85669,44454,41215,47924,26629,21295,31445,16868,14577,22199,10881,11318,19665,8996,10669,7651,3992,3659,7216,3734,3482,6885,3529,3356,6976,3762,3214,9503,5999,3504,9347,5227,4120,8286,4462,3824,7388,3895,3493,6424,3284,3140,5223,2603,2620,4848,2404,2444,5697,2789,2908,6431,3085,3346,6232,2966,3266,5053,2398,2655,3861,1831,2030,2396,1058,1338,2123,743,1380,34.9,33.0,37.4
050,36,047,New York,Kings County,1,2736291,1296574,1439717,179658,91623,88035,298055,152338,145717,126857,64632,62225,252693,125113,127580,2195044,1020205,1174839,2131721,987981,1143740,1249222,605406,643816,901663,432016,469647,606821,279101,327720,370544,151751,218793,179658,91623,88035,165979,84849,81130,164067,83844,80223,157920,80549,77371,189639,92841,96798,253134,120263,132871,254769,122874,131895,214632,103609,111023,179128,85270,93858,159467,75346,84121,151844,70239,81605,151632,69000,82632,143878,64516,79362,121684,53397,68287,97460,41628,55832,60114,24400,35714,45210,17301,27909,46076,15025,31051,35.1,33.8,36.3
050,36,047,New York,Kings County,2,2722259,1289226,1433033,177635,90438,87197,296510,151613,144897,126423,64451,61972,250632,123993,126639,2184666,1014792,1169874,2121691,982724,1138967,1245371,603424,641947,900239,431303,468936,604427,277877,326550,366393,149551,216842,177635,90438,87197,165070,84424,80646,163363,83512,79851,155649,79421,76228,189483,92700,96783,251631,119475,132156,254529,122773,131756,214714,103679,111035,179365,85376,93989,158876,75019,83857,151490,70111,81379,150863,68567,82296,143198,64180,79018,121086,53019,68067,97251,41366,55885,59598,24066,35532,44290,16787,27503,44168,14313,29855,35.1,33.8,36.4
050,36,047,New York,Kings County,3,2634576,1246303,1388273,166127,84604,81523,285225,145749,139476,123870,63362,60508,232762,115670,117092,2120714,983936,1136778,2059354,952588,1106766,1183755,574199,609556,858618,411327,447291,592529,272080,320449,375445,153511,221934,166127,84604,81523,158216,80859,77357,158504,81050,77454,146133,74866,71267,179004,88006,90998,233664,110872,122792,242582,117207,125375,206594,99711,106883,175778,83537,92241,153609,72239,81370,149963,69429,80534,147550,66870,80680,141407,63542,77865,122238,53570,68668,101258,43136,58122,61642,24981,36661,44965,17038,27927,45342,14786,30556,35.7,34.3,37.1
050,36,047,New York,Kings County,4,2600751,1230010,1370741,160954,81886,79068,275076,140579,134497,122607,62413,60194,225483,112103,113380,2102709,975932,1126777,2042114,945132,1096982,1165213,565844,599369,848288,407165,441123,584503,268648,315855,383840,157216,226624,160954,81886,79068,152902,78236,74666,153339,78180,75159,143121,73463,69658,173804,85216,88588,231144,109485,121659,239311,116154,123157,204154,98768,105386,173679,82758,90921,152016,71325,80691,148713,69011,79702,144677,65394,79283,139097,62918,76179,123943,54184,69759,101181,43175,58006,67100,27438,39662,45213,17089,28124,46403,15330,31073,36.1,34.7,37.4
050,36,047,New York,Kings County,5,2611893,1236454,1375439,159342,81025,78317,269934,138034,131900,122324,62506,59818,224077,111560,112517,2121304,986181,1135123,2060293,954889,1105404,1176113,571948,604165,860164,413441,446723,581002,267253,313749,395050,162635,232415,159342,81025,78317,150346,76882,73464,150040,76711,73329,144005,74256,69749,171944,84251,87693,237216,112054,125162,240951,117329,123622,206488,100158,106330,175509,83900,91609,152149,71446,80703,147991,69057,78934,141764,64123,77641,139098,62627,76471,126052,55364,70688,102541,43852,58689,72523,29854,42669,45705,17427,28278,48229,16138,32091,36.2,34.8,37.5
050,36,047,New York,Kings County,6,2658657,1261292,1397365,161857,82690,79167,270662,138243,132419,123355,63347,60008,224966,112869,112097,2165108,1008993,1156115,2102783,977012,1125771,1203960,587119,616841,886056,426542,459514,583832,269072,314760,407929,168529,239400,161857,82690,79167,151825,77542,74283,149254,76340,72914,146169,75589,70580,171735,84988,86747,246584,116125,130459,247421,120590,126831,213571,103975,109596,178480,85852,92628,155344,72908,82436,147574,69087,78487,140890,64106,76784,140024,62971,77053,128137,56570,71567,104818,44847,59971,77993,32174,45819,46438,17806,28632,50543,17132,33411,36.2,34.9,37.5
050,36,047,New York,Kings County,7,2653963,1257965,1395998,160783,82493,78290,266402,136029,130373,121009,61961,59048,215120,108405,106715,2166878,1008715,1158163,2105769,977482,1128287,1199535,584578,614957,893192,429430,463762,579377,266786,312591,418080,172861,245219,160783,82493,78290,149281,76064,73217,146907,75183,71724,144243,74666,69577,162100,80482,81618,249011,117332,131679,247284,119786,127498,216763,105553,111210,180134,86759,93375,156079,73193,82886,145213,67757,77456,139320,63472,75848,138765,62364,76401,127923,56353,71570,106792,45809,60983,82773,34158,48615,47841,18504,29337,52751,18037,34714,36.5,35.1,37.8
050,36,049,New York,Lewis County,1,26595,13462,13133,1628,848,780,3142,1621,1521,1399,729,670,1868,996,872,21131,10632,10499,20426,10264,10162,8816,4514,4302,5926,2986,2940,7371,3738,3633,5261,2544,2717,1628,848,780,1719,887,832,1800,931,869,1587,838,749,1303,690,613,1423,704,719,1588,837,751,1521,754,767,1394,691,703,1513,780,733,1617,820,797,2161,1103,1058,2080,1035,1045,1821,936,885,1303,652,651,891,426,465,627,291,336,619,239,380,42.5,41.5,43.4
050,36,049,New York,Lewis County,2,26571,13428,13143,1614,831,783,3138,1610,1528,1396,724,672,1867,996,871,21121,10623,10498,20423,10263,10160,8827,4514,4313,5928,2985,2943,7319,3714,3605,5309,2568,2741,1614,831,783,1724,883,841,1778,918,860,1592,841,751,1307,688,619,1417,702,715,1580,830,750,1531,761,770,1400,692,708,1495,772,723,1607,820,787,2134,1083,1051,2083,1039,1044,1845,945,900,1318,663,655,892,422,470,629,295,334,625,243,382,42.5,41.6,43.3
050,36,049,New York,Lewis County,3,26739,13478,13261,1587,822,765,3176,1612,1564,1387,720,667,1923,1021,902,21273,10674,10599,20589,10324,10265,8977,4592,4385,6008,3031,2977,7167,3639,3528,5491,2633,2858,1587,822,765,1749,888,861,1768,904,864,1629,866,763,1340,695,645,1435,723,712,1566,809,757,1563,787,776,1444,712,732,1421,723,698,1598,830,768,2016,997,1019,2132,1089,1043,1922,975,947,1392,706,686,895,400,495,650,307,343,632,245,387,42.4,41.6,43.3
050,36,049,New York,Lewis County,4,26616,13453,13163,1524,792,732,3147,1618,1529,1389,725,664,1902,1004,898,21251,10685,10566,20556,10318,10238,8928,4588,4340,5995,3038,2957,6992,3539,3453,5667,2737,2930,1524,792,732,1731,893,838,1774,904,870,1568,835,733,1365,715,650,1355,696,659,1552,775,777,1593,813,780,1495,754,741,1377,688,689,1596,835,761,1875,925,950,2144,1091,1053,1985,1017,968,1433,734,699,967,432,535,649,306,343,633,248,385,42.7,42.0,43.6
050,36,049,New York,Lewis County,5,26568,13410,13158,1506,760,746,3139,1615,1524,1400,727,673,1880,995,885,21218,10676,10542,20523,10308,10215,8917,4592,4325,5990,3050,2940,6800,3426,3374,5853,2837,3016,1506,760,746,1708,880,828,1784,915,869,1566,833,733,1361,709,652,1333,706,627,1509,730,779,1634,849,785,1514,765,749,1318,649,669,1602,823,779,1710,851,859,2170,1103,1067,1983,1017,966,1565,781,784,1012,478,534,665,314,351,628,247,381,42.9,42.1,43.7
050,36,049,New York,Lewis County,6,26512,13339,13173,1410,708,702,3133,1614,1519,1422,732,690,1907,995,912,21229,10642,10587,20547,10285,10262,8946,4592,4354,6009,3060,2949,6636,3335,3301,5995,2895,3100,1410,708,702,1755,911,844,1770,898,872,1563,831,732,1374,701,673,1345,725,620,1513,712,801,1634,850,784,1517,773,744,1325,640,685,1543,797,746,1611,802,809,2157,1096,1061,1998,999,999,1620,809,811,1079,520,559,664,312,352,634,255,379,43.0,42.3,43.7
050,36,049,New York,Lewis County,7,26479,13322,13157,1367,685,682,3127,1585,1542,1428,733,695,1917,1038,879,21255,10675,10580,20557,10319,10238,8998,4626,4372,5986,3031,2955,6511,3298,3213,6143,2952,3191,1367,685,682,1694,873,821,1766,888,878,1636,859,777,1376,736,640,1331,702,629,1486,717,769,1618,831,787,1551,781,770,1376,685,691,1488,763,725,1558,788,770,2089,1062,1027,2013,965,1048,1687,866,821,1139,551,588,665,310,355,639,260,379,43.1,42.3,43.9
050,36,051,New York,Livingston County,1,61813,30667,31146,2664,1348,1316,5948,3076,2872,2974,1492,1482,7785,3611,4174,51688,25467,26221,50227,24751,25476,23177,11687,11490,13161,6975,6186,17191,8544,8647,12090,5621,6469,2664,1348,1316,3163,1654,1509,3528,1813,1715,4223,1931,2292,5793,2781,3012,3100,1730,1370,3383,1778,1605,3565,1842,1723,3113,1625,1488,3271,1644,1627,4123,2016,2107,4938,2480,2458,4859,2404,2455,4050,1995,2055,3210,1559,1651,2090,953,1137,1387,626,761,1353,488,865,42.4,41.4,43.5
050,36,051,New York,Livingston County,2,61577,30465,31112,2655,1348,1307,5920,3065,2855,2967,1488,1479,7895,3616,4279,51506,25286,26220,50035,24564,25471,23143,11593,11550,13015,6869,6146,16956,8408,8548,12169,5671,6498,2655,1348,1307,3139,1642,1497,3515,1803,1712,4235,1938,2297,5893,2786,3107,3054,1690,1364,3312,1737,1575,3552,1832,1720,3097,1610,1487,3194,1591,1603,4064,1992,2072,4858,2433,2425,4840,2392,2448,4097,2021,2076,3245,1582,1663,2101,958,1143,1375,621,754,1351,489,862,42.3,41.4,43.3
050,36,051,New York,Livingston County,3,61662,30593,31069,2630,1349,1281,5855,3059,2796,2945,1486,1459,8177,3721,4456,51737,25450,26287,50232,24699,25533,23484,11804,11680,13068,6944,6124,16446,8179,8267,12541,5855,6686,2630,1349,1281,3076,1601,1475,3485,1805,1680,4322,2009,2313,6094,2851,3243,3025,1653,1372,3217,1738,1479,3619,1893,1726,3207,1660,1547,3014,1504,1510,3970,2005,1965,4634,2279,2355,4828,2391,2437,4253,2107,2146,3406,1663,1743,2156,972,1184,1388,624,764,1338,489,849,42.0,41.1,43.0
050,36,051,New York,Livingston County,4,61356,30305,31051,2714,1392,1322,5686,2968,2718,2876,1454,1422,8336,3773,4563,51542,25234,26308,50080,24491,25589,23449,11669,11780,12945,6810,6135,15964,7933,8031,12835,5975,6860,2714,1392,1322,3003,1558,1445,3391,1778,1613,4271,1958,2313,6233,2901,3332,2887,1549,1338,3198,1708,1490,3581,1868,1713,3279,1685,1594,2928,1484,1444,3821,1936,1885,4422,2126,2296,4793,2387,2406,4296,2091,2205,3385,1667,1718,2369,1077,1292,1433,634,799,1352,506,846,42.1,41.3,42.9
050,36,051,New York,Livingston County,5,61184,30246,30938,2708,1438,1270,5547,2870,2677,2806,1454,1352,8497,3836,4661,51537,25195,26342,50123,24484,25639,23426,11682,11744,12790,6752,6038,15553,7733,7820,13283,6163,7120,2708,1438,1270,2907,1481,1426,3307,1749,1558,4260,1976,2284,6376,2954,3422,2693,1487,1206,3197,1712,1485,3541,1847,1694,3359,1706,1653,2918,1484,1434,3615,1830,1785,4248,2039,2209,4772,2380,2392,4345,2106,2239,3505,1715,1790,2494,1140,1354,1540,688,852,1399,514,885,42.3,41.4,43.3
050,36,051,New York,Livingston County,6,61364,30285,31079,2663,1418,1245,5482,2836,2646,2763,1426,1337,8805,3943,4862,51869,25322,26547,50456,24605,25851,23597,11752,11845,12702,6728,5974,15147,7526,7621,13802,6408,7394,2663,1418,1245,2858,1441,1417,3297,1740,1557,4219,1971,2248,6676,3053,3623,2530,1419,1111,3245,1751,1494,3454,1790,1664,3473,1768,1705,3002,1525,1477,3351,1689,1662,4090,1975,2115,4704,2337,2367,4417,2153,2264,3632,1760,1872,2674,1237,1437,1619,722,897,1460,536,924,42.5,41.6,43.4
050,36,051,New York,Livingston County,7,61438,30324,31114,2612,1354,1258,5376,2805,2571,2786,1485,1301,8896,3930,4966,52074,25437,26637,50664,24680,25984,23743,11830,11913,12752,6787,5965,14763,7333,7430,14253,6630,7623,2612,1354,1258,2878,1496,1382,3189,1681,1508,4189,1970,2219,6802,3073,3729,2636,1475,1161,3186,1727,1459,3414,1786,1628,3516,1799,1717,3107,1584,1523,3119,1559,1560,3920,1918,2002,4617,2272,2345,4438,2167,2271,3783,1826,1957,2871,1348,1523,1660,732,928,1501,557,944,42.5,41.6,43.5
050,36,053,New York,Madison County,1,68020,33425,34595,3393,1780,1613,6743,3488,3255,3177,1593,1584,8903,4318,4585,56304,27342,28962,54707,26564,28143,25357,12540,12817,14060,7044,7016,18840,9225,9615,12904,5977,6927,3393,1780,1613,3584,1897,1687,3942,2006,1936,5610,2660,2950,5687,2836,2851,3322,1652,1670,3531,1735,1796,3752,1904,1848,3455,1753,1702,3706,1790,1916,4529,2208,2321,5321,2641,2680,5284,2586,2698,4371,2140,2231,3305,1597,1708,2394,1097,1297,1486,649,837,1348,494,854,41.6,40.6,42.7
050,36,053,New York,Madison County,2,67942,33393,34549,3378,1757,1621,6721,3494,3227,3177,1597,1580,8908,4309,4599,56262,27329,28933,54666,26545,28121,25350,12539,12811,14052,7043,7009,18705,9156,9549,13001,6037,6964,3378,1757,1621,3576,1897,1679,3932,2007,1925,5592,2650,2942,5706,2846,2860,3314,1650,1664,3539,1738,1801,3752,1907,1845,3447,1748,1699,3654,1772,1882,4473,2175,2298,5293,2620,2673,5285,2589,2696,4393,2159,2234,3368,1626,1742,2401,1107,1294,1491,647,844,1348,498,850,41.6,40.6,42.7
050,36,053,New York,Madison County,3,67405,33168,34237,3248,1668,1580,6564,3458,3106,3153,1583,1570,8580,4154,4426,56012,27246,28766,54440,26459,27981,25157,12508,12649,14228,7163,7065,18234,8904,9330,13398,6238,7160,3248,1668,1580,3521,1886,1635,3847,1964,1883,5386,2556,2830,5543,2789,2754,3296,1663,1633,3628,1786,1842,3769,1910,1859,3535,1804,1731,3426,1690,1736,4336,2066,2270,5216,2561,2655,5256,2587,2669,4487,2205,2282,3640,1759,1881,2387,1103,1284,1500,641,859,1384,530,854,41.9,41.0,43.1
050,36,053,New York,Madison County,4,67059,32936,34123,3152,1610,1542,6464,3414,3050,3234,1608,1626,8552,4118,4434,55793,27103,28690,54209,26304,27905,25149,12474,12675,14198,7161,7037,17618,8622,8996,13841,6403,7438,3152,1610,1542,3526,1878,1648,3773,1949,1824,5415,2565,2850,5536,2748,2788,3201,1644,1557,3572,1781,1791,3748,1854,1894,3677,1882,1795,3240,1622,1618,4173,1968,2205,5017,2473,2544,5188,2559,2629,4659,2243,2416,3628,1771,1857,2579,1188,1391,1583,680,903,1392,521,871,42.2,41.2,43.2
050,36,053,New York,Madison County,5,67242,33003,34239,3048,1551,1497,6455,3408,3047,3215,1619,1596,8836,4268,4568,56167,27253,28914,54524,26425,28099,25541,12660,12881,14230,7155,7075,17108,8377,8731,14350,6625,7725,3048,1551,1497,3534,1874,1660,3661,1916,1745,5660,2702,2958,5651,2803,2848,3115,1591,1524,3599,1798,1801,3704,1823,1881,3812,1943,1869,3221,1627,1594,3979,1897,2082,4746,2339,2407,5162,2514,2648,4785,2286,2499,3750,1841,1909,2655,1217,1438,1705,734,971,1455,547,908,42.1,41.1,43.2
050,36,053,New York,Madison County,6,67193,32946,34247,2943,1495,1448,6425,3394,3031,3158,1607,1551,8886,4314,4572,56365,27292,29073,54667,26450,28217,25596,12652,12944,14278,7113,7165,16751,8202,8549,14752,6821,7931,2943,1495,1448,3493,1851,1642,3658,1925,1733,5651,2718,2933,5667,2821,2846,3207,1619,1588,3556,1758,1798,3677,1794,1883,3838,1942,1896,3302,1680,1622,3772,1821,1951,4544,2215,2329,5133,2486,2647,4883,2333,2550,3836,1874,1962,2797,1312,1485,1769,757,1012,1467,545,922,42.3,41.3,43.3
050,36,053,New York,Madison County,7,67120,32913,34207,2788,1441,1347,6416,3360,3056,3079,1595,1484,8843,4305,4538,56418,27321,29097,54837,26517,28320,25516,12630,12886,14359,7135,7224,16507,8083,8424,15128,6994,8134,2788,1441,1347,3529,1839,1690,3652,1926,1726,5571,2693,2878,5586,2802,2784,3277,1664,1613,3507,1728,1779,3754,1815,1939,3821,1928,1893,3469,1788,1681,3582,1720,1862,4384,2111,2273,5072,2464,2608,4935,2364,2571,3957,1906,2051,2890,1363,1527,1887,840,1047,1459,521,938,42.5,41.4,43.5
050,36,055,New York,Monroe County,1,759385,366352,393033,39753,20164,19589,78928,40420,38508,36351,18664,17687,78810,40104,38706,622811,296600,326211,604353,287104,317249,296584,146529,150055,190391,92365,98026,194821,93201,101620,140331,61434,78897,39753,20164,19589,42661,21724,20937,45235,23300,21935,50728,26137,24591,55465,28027,27438,51861,25378,26483,51438,24996,26442,46281,22536,23745,40811,19455,21356,41408,19931,21477,47986,22985,25001,53430,25444,27986,51997,24841,27156,44293,20757,23536,36126,16495,19631,24856,10817,14039,16170,6784,9386,18886,6581,12305,39.6,37.9,41.2
050,36,055,New York,Monroe County,2,758384,365896,392488,39663,20118,19545,78587,40230,38357,36321,18642,17679,78602,39980,38622,622184,296340,325844,603813,286906,316907,296665,146556,150109,190762,92570,98192,193868,92711,101157,140581,61645,78936,39663,20118,19545,42471,21621,20850,45136,23245,21891,50563,26029,24534,55340,27957,27383,51681,25296,26385,51549,25066,26483,46498,22623,23875,41034,19585,21449,40927,19690,21237,47737,22866,24871,53172,25336,27836,52032,24819,27213,44430,20835,23595,36407,16633,19774,24986,10887,14099,16141,6768,9373,18617,6522,12095,39.6,37.9,41.1
050,36,055,New York,Monroe County,3,754572,364214,390358,38923,19838,19085,77357,39474,37883,36050,18517,17533,76624,39001,37623,620207,295574,324633,602242,286385,315857,296531,146754,149777,192973,93939,99034,189383,90390,98993,143262,63055,80207,38923,19838,19085,41888,21280,20608,44585,22897,21688,49302,25382,23920,54256,27433,26823,51286,25234,26052,52235,25510,26725,47271,22903,24368,42181,20292,21889,39003,18741,20262,46887,22447,24440,51363,24482,26881,52130,24720,27410,44934,21113,23821,37895,17307,20588,25679,11245,14434,16421,6863,9558,18333,6527,11806,39.7,38.1,41.3
050,36,055,New York,Monroe County,4,750469,362055,388414,38190,19519,18671,75868,38607,37261,35987,18501,17486,75433,38449,36984,618306,294593,323713,600424,285428,314996,296282,146782,149500,193878,94490,99388,184560,87839,96721,146553,64650,81903,38190,19519,18671,41169,20904,20265,43715,22361,21354,49696,25625,24071,52708,26667,26041,50310,24788,25522,52638,25792,26846,48002,23203,24799,42928,20707,22221,38318,18387,19931,45290,21593,23697,49281,23481,25800,51671,24378,27293,45551,21436,24115,37626,17117,20509,27797,12250,15547,17283,7249,10034,18296,6598,11698,39.9,38.2,41.4
050,36,055,New York,Monroe County,5,748957,361214,387743,37648,19227,18421,74792,38044,36748,35813,18425,17388,74184,37779,36405,618812,294835,323977,600704,285518,315186,296932,147266,149666,195682,95543,100139,180079,85551,94528,150759,66645,84114,37648,19227,18421,40615,20612,20003,42924,21913,21011,49808,25689,24119,51442,26034,25408,50263,24939,25324,52346,25579,26767,49016,23740,25276,44057,21285,22772,38457,18437,20020,43401,20731,22670,47367,22503,24864,50854,23880,26974,46367,21869,24498,38345,17532,20813,28803,12703,16100,18595,7807,10788,18649,6734,11915,40.0,38.4,41.6
050,36,055,New York,Monroe County,6,750294,361837,388457,37214,19103,18111,73810,37514,36296,35641,18361,17280,74061,37774,36287,621838,296256,325582,603629,286859,316770,298972,148362,150610,198010,96741,101269,176673,83835,92838,154885,68509,86376,37214,19103,18111,40171,20384,19787,42379,21644,20735,50296,25946,24350,50666,25675,24991,50748,25236,25512,51986,25306,26680,50231,24425,25806,45045,21774,23271,39237,18813,20424,41288,19668,21620,45879,21754,24125,50269,23600,26669,46970,22087,24883,39238,18000,21238,30093,13309,16784,19455,8191,11264,19129,6922,12207,40.2,38.6,41.7
050,36,055,New York,Monroe County,7,750506,361993,388513,36956,19112,17844,73036,37031,36005,35195,18078,17117,72476,37147,35329,623158,296954,326204,605319,287772,317547,299077,148568,150509,200003,97733,102270,174026,82579,91447,158814,70313,88501,36956,19112,17844,39666,20099,19567,41967,21322,20645,50153,25942,24211,48921,24893,24028,51513,25421,26092,51119,25008,26111,51366,25039,26327,46005,22265,23740,40308,19284,21024,39614,18946,20668,44791,21201,23590,49313,23148,26165,47475,22323,25152,40057,18350,21707,31534,14061,17473,20295,8499,11796,19453,7080,12373,40.4,38.8,41.9
050,36,057,New York,Montgomery County,1,49534,24422,25112,3069,1537,1532,5679,2921,2758,2687,1421,1266,3710,1927,1783,39452,19282,20170,38099,18543,19556,17414,8771,8643,11667,5751,5916,12810,6321,6489,9912,4544,5368,3069,1537,1532,3078,1557,1521,3251,1692,1559,3110,1698,1412,2637,1322,1315,2903,1456,1447,3029,1484,1545,3083,1498,1585,2652,1313,1339,2832,1426,1406,3017,1490,1527,3556,1751,1805,3405,1654,1751,3227,1614,1613,2558,1243,1315,1697,789,908,1069,440,629,1361,458,903,41.1,39.9,42.2
050,36,057,New York,Montgomery County,2,49499,24409,25090,3065,1523,1542,5677,2923,2754,2676,1412,1264,3712,1928,1784,39432,19287,20145,38081,18551,19530,17449,8791,8658,11705,5776,5929,12722,6278,6444,9942,4569,5373,3065,1523,1542,3077,1553,1524,3244,1695,1549,3105,1687,1418,2639,1328,1311,2906,1464,1442,3030,1486,1544,3088,1496,1592,2681,1330,1351,2787,1403,1384,3015,1487,1528,3514,1733,1781,3406,1655,1751,3227,1616,1611,2591,1256,1335,1697,795,902,1067,441,626,1360,461,899,41.1,39.9,42.1
050,36,057,New York,Montgomery County,3,49512,24504,25008,3070,1546,1524,5760,2973,2787,2666,1398,1268,3805,2005,1800,39360,19314,20046,38016,18587,19429,17739,8957,8782,11924,5879,6045,12379,6105,6274,9908,4598,5310,3070,1546,1524,3145,1585,1560,3271,1713,1558,3116,1684,1432,2699,1394,1305,2887,1444,1443,3115,1542,1573,3107,1500,1607,2815,1393,1422,2615,1293,1322,3012,1487,1525,3360,1671,1689,3392,1654,1738,3207,1609,1598,2682,1303,1379,1708,810,898,1044,436,608,1267,440,827,40.6,39.5,41.7
050,36,057,New York,Montgomery County,4,49454,24437,25017,3054,1520,1534,5773,2957,2816,2684,1384,1300,3852,2068,1784,39292,19269,20023,37943,18576,19367,17879,9015,8864,12016,5922,6094,12103,5968,6135,9972,4618,5354,3054,1520,1534,3222,1642,1580,3224,1674,1550,3126,1660,1466,2737,1433,1304,2798,1391,1407,3109,1557,1552,3171,1526,1645,2938,1448,1490,2536,1252,1284,2937,1453,1484,3233,1592,1641,3397,1671,1726,3176,1577,1599,2601,1261,1340,1874,897,977,1074,462,612,1247,421,826,40.5,39.3,41.5
050,36,057,New York,Montgomery County,5,49531,24442,25089,3072,1530,1542,5775,2953,2822,2677,1378,1299,3883,2093,1790,39343,19248,20095,38007,18581,19426,17994,9069,8925,12083,5938,6145,11930,5877,6053,10111,4673,5438,3072,1530,1542,3250,1677,1573,3174,1616,1558,3128,1645,1483,2783,1486,1297,2798,1392,1406,3125,1532,1593,3177,1552,1625,2983,1462,1521,2581,1258,1323,2848,1425,1423,3114,1527,1587,3387,1667,1720,3152,1538,1614,2585,1279,1306,1959,926,1033,1158,511,647,1257,419,838,40.4,39.3,41.5
050,36,057,New York,Montgomery County,6,49580,24542,25038,3098,1561,1537,5742,2929,2813,2682,1407,1275,3928,2156,1772,39422,19361,20061,38058,18645,19413,18052,9170,8882,12094,5941,6153,11810,5808,6002,10226,4740,5486,3098,1561,1537,3226,1652,1574,3168,1611,1557,3150,1666,1484,2808,1563,1245,2868,1445,1423,3059,1500,1559,3167,1544,1623,3000,1452,1548,2649,1314,1335,2817,1393,1424,2986,1465,1521,3358,1636,1722,3068,1497,1571,2646,1318,1328,2034,946,1088,1229,559,670,1249,420,829,40.4,39.2,41.6
050,36,057,New York,Montgomery County,7,50046,24765,25281,3111,1521,1590,5897,3012,2885,2722,1454,1268,3941,2152,1789,39706,19543,20163,38316,18778,19538,18368,9363,9005,12355,6101,6254,11692,5734,5958,10328,4791,5537,3111,1521,1590,3306,1691,1615,3241,1665,1576,3183,1687,1496,2830,1575,1255,2950,1494,1456,3061,1494,1567,3207,1574,1633,3137,1539,1598,2737,1341,1396,2708,1330,1378,2930,1454,1476,3317,1609,1708,3018,1464,1554,2701,1344,1357,2119,979,1140,1244,580,664,1246,424,822,40.2,39.0,41.4
050,36,059,New York,Nassau County,1,1395776,676417,719359,73209,37604,35605,151792,77989,73803,75084,38690,36394,125924,64908,61016,1133892,541752,592140,1095691,522134,573557,509520,254272,255248,326899,160225,166674,386789,185035,201754,256079,111966,144113,73209,37604,35605,80389,41383,39006,89790,46157,43633,92416,47531,44885,90205,46516,43689,79753,40643,39110,78192,38179,40013,83292,40245,43047,85662,41158,44504,88407,42473,45934,97500,46475,51025,103665,49613,54052,97217,46474,50743,80627,38156,42471,64167,29648,34519,43283,18916,24367,29975,12207,17768,38027,13039,24988,41.8,40.0,43.4
050,36,059,New York,Nassau County,2,1390952,674336,716616,72934,37477,35457,151250,77739,73511,74900,38589,36311,125609,64737,60872,1129916,540072,589844,1091868,520531,571337,509342,254351,254991,327183,160519,166664,384974,184078,200896,254102,111197,142905,72934,37477,35457,80121,41251,38870,89479,45982,43497,91837,47266,44571,90322,46566,43756,79909,40792,39117,78254,38223,40031,83230,40248,42982,85790,41256,44534,87855,42244,45611,96883,46165,50718,103219,49369,53850,97017,46300,50717,80556,38036,42520,64361,29676,34685,43144,18860,24284,29517,12021,17496,36524,12604,23920,41.7,39.9,43.4
050,36,059,New York,Nassau County,3,1391787,675026,716761,72203,36979,35224,149067,76653,72414,73999,38060,35939,125062,64356,60706,1133930,542538,591392,1096518,523334,573184,512315,256301,256014,331496,163221,168275,379566,181573,197993,260394,114184,146210,72203,36979,35224,79292,40770,38522,88017,45219,42798,89933,46324,43609,90886,46756,44130,81661,41863,39798,79742,39197,40545,83316,40383,42933,86777,41778,44999,86024,41442,44582,94932,45296,49636,101362,48497,52865,97248,46338,50910,81995,38711,43284,67246,30982,36264,44550,19597,24953,29884,12161,17723,36719,12733,23986,41.8,40.0,43.4
050,36,059,New York,Nassau County,4,1388346,673985,714361,71726,36740,34986,147658,75931,71727,73971,38134,35837,122789,63007,59782,1132110,542384,589726,1094991,523180,571811,510152,255612,254540,331893,163995,167898,374186,179137,195049,266123,117041,149082,71726,36740,34986,79186,40786,38400,86973,44669,42304,89540,46114,43426,88719,45503,43216,82126,42216,39910,79524,39326,40198,82786,40254,42532,87457,42199,45258,85503,41260,44243,92904,44471,48433,99305,47391,51914,96474,46015,50459,83518,39423,44095,66936,30857,36079,48174,21407,26767,30827,12589,18238,36668,12765,23903,41.9,40.2,43.5
050,36,059,New York,Nassau County,5,1388940,674104,714836,71186,36203,34983,146534,75432,71102,73730,37972,35758,121616,62273,59343,1134766,543730,591036,1097490,524497,572993,511001,255934,255067,333430,164789,168641,369466,177002,192464,272978,120433,152545,71186,36203,34983,78822,40591,38231,85487,43941,41546,89867,46271,43596,87704,44874,42830,83421,42929,40492,79390,39588,39802,82552,39850,42702,88067,42422,45645,85928,41556,44372,90739,43566,47173,96777,46093,50684,96022,45787,50235,85166,40118,45048,67977,31367,36610,50173,22493,27680,32694,13477,19217,36968,12978,23990,42.1,40.3,43.6
050,36,059,New York,Nassau County,6,1397783,678690,719093,71257,36137,35120,146307,75369,70938,73576,37824,35752,121311,62118,59193,1144339,548775,595564,1106643,529360,577283,515549,258600,256949,338490,167769,170721,366756,175709,191047,280086,123764,156322,71257,36137,35120,79036,40625,38411,85099,43855,41244,89726,46286,43440,87333,44545,42788,86225,44518,41707,79986,40007,39979,83917,40444,43473,88362,42800,45562,87106,41951,45155,88995,42878,46117,94325,44982,49343,96330,45898,50432,86164,40531,45633,69721,32221,37500,53014,23835,29179,33944,14057,19887,37243,13120,24123,42.1,40.4,43.7
050,36,059,New York,Nassau County,7,1398939,679472,719467,70943,35927,35016,144940,74690,70250,72328,37216,35112,119790,61230,58560,1147778,550763,597015,1110728,531639,579089,515170,258638,256532,340410,169090,171320,363407,174172,189235,287121,127147,159974,70943,35927,35016,78301,40283,38018,83997,43305,40692,88973,45935,43038,85787,43613,42174,88304,45553,42751,79751,40243,39508,84485,40734,43751,87870,42560,45310,87679,42258,45421,87221,42109,45112,92789,44321,48468,95718,45484,50234,86963,40978,45985,71597,33079,38518,55772,25121,30651,35155,14619,20536,37634,13350,24284,42.3,40.5,43.9
050,36,061,New York,New York County,1,1694984,795111,899873,75176,38291,36885,114368,58041,56327,49407,24776,24631,176585,75729,100856,1481020,686496,794524,1456033,674003,782030,828403,391255,437148,614638,296830,317808,383278,185331,197947,281532,116113,165419,75176,38291,36885,63534,32258,31276,63061,31863,31198,75817,35351,40466,137948,59074,78874,201467,92651,108816,179512,87956,91556,130610,65479,65131,103049,50744,52305,94923,46315,48608,98358,48147,50211,98137,48058,50079,91860,42811,49049,82731,36890,45841,72295,30089,42206,52631,21255,31376,35707,14183,21524,38168,13696,24472,36.8,36.4,37.2
050,36,061,New York,New York County,2,1687033,791289,895744,74603,37993,36610,113867,57760,56107,49256,24695,24561,173959,74728,99231,1474196,683305,790891,1449307,670841,778466,824122,389368,434754,613113,296025,317088,382173,184775,197398,280062,115313,164749,74603,37993,36610,63233,32069,31164,62840,31771,31069,75102,35085,40017,135907,58258,77649,199643,91696,107947,179130,87723,91407,130966,65687,65279,103374,50919,52455,94300,46003,48297,98111,48007,50104,98092,48033,50059,91670,42732,48938,82465,36789,45676,72200,30032,42168,52617,21164,31453,35425,13953,21472,37355,13375,23980,36.9,36.5,37.3
050,36,061,New York,New York County,3,1569781,736109,833672,66301,33710,32591,108780,55273,53507,48464,24331,24133,144036,62822,81214,1370610,635012,735598,1346236,622795,723441,731833,347272,384561,551532,266326,285206,366341,176694,189647,284327,116953,167374,66301,33710,32591,59733,30395,29338,61246,31085,30161,69220,32786,36434,111081,48160,62921,170955,78284,92671,160934,78977,81957,121198,60686,60512,98445,48379,50066,87855,42587,45268,94361,45995,48366,94870,46267,48603,89255,41845,47410,81834,36599,45235,73324,30529,42795,54044,21651,32393,36375,14233,22142,38750,13941,24809,38.4,37.7,39.1
050,36,061,New York,New York County,4,1593919,746621,847298,63840,32315,31525,105529,53639,51890,48506,24304,24202,155915,67476,88439,1400271,648344,751927,1376044,636363,739681,760554,360595,399959,568398,275011,293387,362392,174474,187918,289339,119402,169937,63840,32315,31525,58144,29596,28548,59650,30239,29411,72011,33824,38187,120145,51760,68385,183835,84345,99490,163954,80738,83216,121796,61242,60554,98813,48686,50127,87112,42098,45014,92831,44941,47890,93616,45559,48057,88833,41876,46957,81985,36923,45062,72448,30489,41959,57239,22864,34375,37921,14820,23101,39746,14306,25440,37.9,37.3,38.6
050,36,061,New York,New York County,5,1631534,768135,863399,63638,32273,31365,104508,53140,51368,48927,24497,24430,159881,70020,89861,1439083,670517,768566,1414461,658225,756236,786945,374589,412356,590147,286136,304011,366501,178265,188236,297932,123804,174128,63638,32273,31365,58083,29571,28512,58435,29633,28802,73659,34585,39074,123139,53868,69271,195360,89517,105843,167579,82872,84707,125628,63340,62288,101580,50407,51173,88472,43271,45201,92572,45104,47468,94383,46341,48042,91074,43549,47525,83267,37841,45426,73221,31411,41810,59121,23637,35484,40604,15816,24788,41719,15099,26620,37.8,37.3,38.4
050,36,061,New York,New York County,6,1665510,785175,880335,64371,32493,31878,104306,52993,51313,49966,24976,24990,161964,71790,90174,1472572,687409,785163,1446867,674713,772154,812209,387547,424662,612432,296964,315468,366672,178287,188385,305799,127672,178127,64371,32493,31878,57990,29439,28551,58469,29737,28732,75124,35054,40070,124653,55529,69124,204271,93074,111197,173315,85610,87705,130686,66277,64409,104160,52003,52157,89997,44120,45877,90832,44315,46517,93880,45806,48074,91963,44046,47917,83973,38469,45504,73932,32029,41903,61697,24786,36911,42312,16306,26006,43885,16082,27803,37.7,37.2,38.2
050,36,061,New York,New York County,7,1664862,782816,882046,62980,31646,31334,102885,52283,50602,49037,24553,24484,156474,69385,87089,1474952,686643,788309,1449960,674334,775626,814967,388426,426541,621439,300618,320821,361246,174539,186707,310801,129792,181009,62980,31646,31334,57093,28896,28197,57775,29517,28258,74109,34620,39489,119419,53188,66231,207554,94249,113305,175416,86347,89069,133887,67873,66014,104582,52149,52433,90323,43956,46367,87392,42417,44975,92441,44635,47806,91090,43531,47559,83092,38120,44972,74441,32394,42047,63551,25605,37946,43784,16809,26975,45933,16864,29069,37.7,37.2,38.2
050,36,063,New York,Niagara County,1,212671,103792,108879,10789,5431,5358,21450,10887,10563,9933,5011,4922,17671,9047,8624,175591,85035,90556,170499,82463,88036,74679,37436,37243,49477,24586,24891,60701,29701,31000,42650,19129,23521,10789,5431,5358,11527,5891,5636,12325,6204,6121,12874,6518,6356,12328,6332,5996,12364,6206,6158,12942,6448,6494,12516,6176,6340,11655,5756,5899,12336,6021,6315,14397,7092,7305,16827,8214,8613,17141,8374,8767,14044,6840,7204,11097,5197,5900,7373,3248,4125,4718,1912,2806,5418,1932,3486,43.7,42.3,45.1
050,36,063,New York,Niagara County,2,212118,103532,108586,10725,5374,5351,21382,10856,10526,9914,5011,4903,17662,9030,8632,175162,84858,90304,170097,82291,87806,74579,37380,37199,49422,24557,24865,60315,29497,30818,42698,19207,23491,10725,5374,5351,11514,5886,5628,12287,6188,6099,12744,6444,6300,12413,6379,6034,12291,6177,6114,12920,6431,6489,12508,6178,6330,11703,5771,5932,12206,5967,6239,14285,7032,7253,16690,8125,8565,17134,8373,8761,14144,6887,7257,11159,5238,5921,7383,3268,4115,4704,1905,2799,5308,1909,3399,43.7,42.3,45.0
050,36,063,New York,Niagara County,3,211778,103355,108423,10620,5318,5302,21229,10731,10498,9830,4968,4862,17722,9019,8703,175036,84852,90184,170099,82338,87761,74944,37577,37367,49883,24849,25034,58813,28742,30071,43681,19728,23953,10620,5318,5302,11512,5863,5649,12208,6127,6081,12341,6185,6156,12720,6543,6177,12050,6138,5912,13174,6520,6654,12642,6280,6362,12017,5911,6106,11770,5783,5987,13938,6881,7057,16040,7717,8323,17065,8361,8704,14577,7108,7469,11681,5502,6179,7497,3321,4176,4798,1948,2850,5128,1849,3279,43.5,42.2,44.8
050,36,063,New York,Niagara County,4,210403,102681,107722,10430,5282,5148,20934,10582,10352,9847,4965,4882,17300,8777,8523,174050,84313,89737,169192,81852,87340,74799,37474,37325,50164,24987,25177,57001,27821,29180,44727,20267,24460,10430,5282,5148,11467,5806,5661,11979,6031,5948,12119,6103,6016,12516,6384,6132,11834,6009,5825,13179,6580,6599,12923,6424,6499,12228,5974,6254,11347,5574,5773,13510,6709,6801,15336,7361,7975,16808,8177,8631,15075,7328,7747,11641,5485,6156,8135,3674,4461,4942,2014,2928,4934,1766,3168,43.5,42.2,44.8
050,36,063,New York,Niagara County,5,209451,102161,107290,10128,5111,5017,20669,10463,10206,9888,4972,4916,16919,8559,8360,173659,84083,89576,168766,81615,87151,74795,37452,37343,50439,25143,25296,55492,27065,28427,45916,20848,25068,10128,5111,5017,11369,5734,5635,11751,5951,5800,12112,6103,6009,12244,6206,6038,11860,6026,5834,13011,6503,6508,13233,6571,6662,12335,6043,6292,11235,5525,5710,13062,6457,6605,14827,7124,7703,16368,7959,8409,15402,7470,7932,11847,5551,6296,8486,3910,4576,5230,2164,3066,4951,1753,3198,43.6,42.4,44.9
050,36,063,New York,Niagara County,6,209380,102248,107132,9963,5012,4951,20548,10413,10135,9934,5047,4887,16508,8323,8185,174002,84371,89631,168935,81776,87159,75068,37664,37404,51027,25497,25530,54289,26492,27797,47111,21464,25647,9963,5012,4951,11234,5651,5583,11715,5965,5750,12143,6156,5987,11898,6011,5887,12144,6203,5941,13036,6532,6504,13371,6649,6722,12476,6113,6363,11393,5636,5757,12518,6171,6347,14255,6854,7401,16123,7831,8292,15559,7514,8045,12181,5752,6429,8998,4179,4819,5378,2255,3123,4995,1764,3231,43.7,42.4,44.9
050,36,063,New York,Niagara County,7,208912,102094,106818,9740,4899,4841,20375,10304,10071,9764,4989,4775,16156,8049,8107,174096,84510,89586,169033,81902,87131,75084,37689,37395,51451,25825,25626,53181,25989,27192,48245,22039,26206,9740,4899,4841,11013,5541,5472,11649,5937,5712,12195,6182,6013,11438,5682,5756,12564,6465,6099,12665,6370,6295,13514,6696,6818,12708,6294,6414,11635,5770,5865,12053,5881,6172,13707,6686,7021,15786,7652,8134,15621,7517,8104,12615,6004,6611,9499,4395,5104,5551,2363,3188,4959,1760,3199,43.8,42.5,45.0
050,36,065,New York,Oneida County,1,232123,115945,116178,12672,6564,6108,25443,13118,12325,11571,5908,5663,21394,11457,9937,188207,93290,94917,182437,90355,92082,85179,44295,40884,55085,28408,26677,61142,30390,30752,44816,20100,24716,12672,6564,6108,13844,7117,6727,14470,7479,6991,15476,8101,7375,14618,7786,6832,13896,7162,6734,14664,7529,7135,14057,7309,6748,12468,6408,6060,13008,6443,6565,14942,7461,7481,16903,8454,8449,16289,8032,8257,14036,6819,7217,11580,5448,6132,7951,3556,4395,5276,2210,3066,5973,2067,3906,40.9,39.2,42.8
050,36,065,New York,Oneida County,2,231265,115317,115948,12666,6566,6100,25346,13066,12280,11601,5938,5663,21340,11400,9940,187443,92701,94742,181652,89747,91905,84857,43974,40883,54806,28129,26677,60722,30142,30580,44784,20076,24708,12666,6566,6100,13792,7095,6697,14444,7464,6980,15441,8082,7359,14610,7763,6847,13747,7072,6675,14582,7439,7143,14019,7248,6771,12458,6370,6088,12825,6332,6493,14836,7407,7429,16790,8385,8405,16271,8018,8253,14024,6788,7236,11683,5496,6187,7892,3540,4352,5275,2213,3062,5910,2039,3871,40.9,39.2,42.7
050,36,065,New York,Oneida County,3,229229,114233,114996,12506,6495,6011,24911,12848,12063,11586,5958,5628,20848,11122,9726,186013,91890,94123,180226,88932,91294,84343,43662,40681,54832,28111,26721,59158,29376,29782,45388,20323,25065,12506,6495,6011,13550,6962,6588,14284,7415,6869,15019,7823,7196,14492,7728,6764,13412,6899,6513,14548,7397,7151,14220,7348,6872,12652,6467,6185,12086,5961,6125,14534,7309,7225,16252,8104,8148,16286,8002,8284,14149,6782,7367,12225,5740,6485,7898,3587,4311,5334,2227,3107,5782,1987,3795,41.0,39.3,42.8
050,36,065,New York,Oneida County,4,228351,113950,114401,12370,6439,5931,24517,12644,11873,11493,5935,5558,21027,11271,9756,185680,91868,93812,179971,88932,91039,84665,44008,40657,55027,28296,26731,57697,28617,29080,46220,20748,25472,12370,6439,5931,13192,6784,6408,14207,7354,6853,15169,7986,7183,14469,7726,6743,13276,6907,6369,14361,7314,7047,14466,7458,7008,12924,6617,6307,11741,5830,5911,14138,7084,7054,15723,7816,7907,16095,7887,8208,14498,6960,7538,12023,5659,6364,8520,3849,4671,5482,2267,3215,5697,2013,3684,41.0,39.3,42.8
050,36,065,New York,Oneida County,5,227555,113662,113893,12043,6184,5859,24282,12543,11739,11437,5964,5473,20932,11163,9769,185511,91955,93556,179793,88971,90822,84727,44130,40597,55215,28503,26712,56541,28113,28428,47105,21192,25913,12043,6184,5859,13044,6745,6299,14095,7298,6797,15192,8046,7146,14320,7581,6739,13228,7004,6224,14172,7216,6956,14464,7448,7016,13351,6835,6516,11729,5845,5884,13612,6785,6827,15200,7564,7636,16000,7919,8081,14777,7043,7734,11995,5676,6319,8985,4085,4900,5713,2352,3361,5635,2036,3599,41.1,39.5,42.9
050,36,065,New York,Oneida County,6,227292,113644,113648,11955,6163,5792,24029,12428,11601,11489,5962,5527,20705,11003,9702,185554,92076,93478,179819,89091,90728,84919,44377,40542,55608,28889,26719,55481,27559,27922,48025,21640,26385,11955,6163,5792,12926,6688,6238,13986,7217,6769,15156,8074,7082,14155,7414,6741,13306,7129,6177,14099,7287,6812,14478,7461,7017,13725,7012,6713,11881,5955,5926,12994,6413,6581,14664,7316,7348,15942,7875,8067,14873,7071,7802,12248,5816,6432,9373,4279,5094,5950,2466,3484,5581,2008,3573,41.3,39.6,43.1
050,36,065,New York,Oneida County,7,226392,113103,113289,11707,6073,5634,23772,12263,11509,11313,5855,5458,20660,11022,9638,185301,91892,93409,179600,88912,90688,84714,44268,40446,55492,28819,26673,54548,27009,27539,48900,22062,26838,11707,6073,5634,12827,6612,6215,13696,7079,6617,15138,8033,7105,14084,7416,6668,13352,7154,6198,13758,7135,6623,14520,7411,7109,13862,7119,6743,12100,6083,6017,12460,6106,6354,14251,7083,7168,15737,7737,8000,14882,7091,7791,12544,5914,6630,9817,4515,5302,6039,2484,3555,5618,2058,3560,41.5,39.8,43.3
050,36,067,New York,Onondaga County,1,476513,229931,246582,26055,13240,12815,49961,25573,24388,23188,11827,11361,52185,25593,26592,389127,185326,203801,377309,179291,198018,186814,91931,94883,117079,57403,59676,121997,58700,63297,86048,37595,48453,26055,13240,12815,27230,13916,13314,28369,14549,13820,33985,17021,16964,35750,17507,18243,31956,15797,16159,30901,15072,15829,28739,14201,14538,25483,12333,13150,25597,12296,13301,29929,14530,15399,33637,16060,17577,32834,15814,17020,27573,13175,14398,21126,9600,11526,14430,6301,8129,9933,4113,5820,12986,4406,8580,39.2,37.7,40.6
050,36,067,New York,Onondaga County,2,475429,229449,245980,25948,13178,12770,49790,25476,24314,23149,11811,11338,51869,25414,26455,388319,184993,203326,376542,178984,197558,186617,91834,94783,117257,57511,59746,121250,58316,62934,86166,37743,48423,25948,13178,12770,27161,13871,13290,28287,14507,13780,33798,16913,16885,35562,17410,18152,31825,15742,16083,30921,15095,15826,28854,14238,14616,25657,12436,13221,25277,12143,13134,29697,14408,15289,33506,16003,17503,32770,15762,17008,27658,13208,14450,21385,9744,11641,14444,6322,8122,9895,4106,5789,12784,4363,8421,39.2,37.8,40.6
050,36,067,New York,Onondaga County,3,471829,227642,244187,25435,12931,12504,49281,25138,24143,22878,11715,11163,49561,24350,25211,385774,183730,202044,374235,177858,196377,185292,91260,94032,118565,58156,60409,118177,56728,61449,87932,38624,49308,25435,12931,12504,26937,13688,13249,28056,14411,13645,32365,16264,16101,34362,16840,17522,31636,15639,15997,31098,15265,15833,29426,14377,15049,26405,12875,13530,24004,11544,12460,28982,14010,14972,32580,15562,17018,32611,15612,16999,28081,13401,14680,22610,10329,12281,14670,6483,8187,9918,4106,5812,12653,4305,8348,39.4,38.0,40.8
050,36,067,New York,Onondaga County,4,469910,226679,243231,24889,12595,12294,48436,24737,23699,22575,11559,11016,50191,24699,25492,385287,183520,201767,374010,177788,196222,185885,91606,94279,118758,58264,60494,115012,55204,59808,90049,39621,50428,24889,12595,12294,26395,13424,12971,27680,14229,13451,33235,16706,16529,33892,16636,17256,31158,15375,15783,31081,15257,15824,29536,14415,15121,26983,13217,13766,23677,11373,12304,27895,13452,14443,31236,14948,16288,32204,15431,16773,28588,13563,15025,22802,10481,12321,15847,7014,8833,10137,4175,5962,12675,4388,8287,39.5,38.1,40.8
050,36,067,New York,Onondaga County,5,468524,226059,242465,24324,12362,11962,47967,24384,23583,22439,11517,10922,49541,24426,25115,385057,183543,201514,373794,177796,195998,185894,91778,94116,119472,58719,60753,112373,53867,58506,92408,40784,51624,24324,12362,11962,26194,13279,12915,27331,13989,13342,33191,16688,16503,33231,16371,16860,31068,15401,15667,31131,15280,15851,29657,14550,15107,27616,13488,14128,23948,11505,12443,26786,12881,13905,29823,14247,15576,31816,15234,16582,29069,13741,15328,23447,10898,12549,16421,7258,9163,10698,4435,6263,12773,4452,8321,39.7,38.3,41.0
050,36,067,New York,Onondaga County,6,468173,225872,242301,23760,12013,11747,47613,24219,23394,22379,11461,10918,48430,23948,24482,385718,183952,201766,374421,178179,196242,186211,92125,94086,120969,59560,61409,110111,52716,57395,94911,41955,52956,23760,12013,11747,26148,13256,12892,27032,13807,13225,32833,16527,16306,32409,16038,16371,31443,15730,15713,31153,15255,15898,30151,14790,15361,28222,13785,14437,24470,11790,12680,25369,12111,13258,28759,13852,14907,31513,14963,16550,29446,13902,15544,23948,11180,12768,17347,7709,9638,11107,4602,6505,13063,4562,8501,39.9,38.5,41.2
050,36,067,New York,Onondaga County,7,466584,224959,241625,23371,11755,11616,47251,24014,23237,22161,11344,10817,47403,23424,23979,384956,183563,201393,373801,177846,195955,185458,91646,93812,121352,59673,61679,108004,51706,56298,97042,43043,53999,23371,11755,11616,25932,13141,12791,26777,13668,13109,32528,16405,16123,31578,15568,16010,31398,15672,15726,30701,14920,15781,30654,15042,15612,28599,14039,14560,24996,12121,12875,24135,11541,12594,27916,13446,14470,30957,14598,16359,29496,13982,15514,24604,11538,13066,18306,8095,10211,11386,4776,6610,13250,4652,8598,40.1,38.7,41.4
050,36,069,New York,Ontario County,1,112476,54990,57486,5268,2645,2623,11514,5883,5631,5434,2782,2652,9915,5168,4747,93083,45124,47959,90260,43680,46580,38937,19630,19307,24949,12361,12588,31213,15199,16014,24183,10952,13231,5268,2645,2623,6162,3170,2992,6713,3394,3319,7147,3674,3473,6841,3595,3246,5879,2986,2893,6478,3216,3262,6535,3182,3353,6057,2977,3080,6377,3140,3237,7474,3656,3818,8789,4230,4559,8573,4173,4400,7779,3731,4048,6669,3116,3553,4308,1980,2328,2741,1165,1576,2686,960,1726,44.2,42.6,45.9
050,36,069,New York,Ontario County,2,112467,54977,57490,5249,2639,2610,11468,5865,5603,5420,2770,2650,9938,5166,4772,93123,45136,47987,90330,43703,46627,39017,19675,19342,25010,12417,12593,31070,15114,15956,24312,11006,13306,5249,2639,2610,6148,3159,2989,6671,3384,3287,7164,3671,3493,6843,3587,3256,5866,2996,2870,6468,3213,3255,6573,3205,3368,6103,3003,3100,6269,3081,3188,7456,3658,3798,8744,4195,4549,8601,4180,4421,7797,3740,4057,6737,3145,3592,4356,2007,2349,2744,1154,1590,2678,960,1718,44.2,42.6,45.9
050,36,069,New York,Ontario County,3,112698,55019,57679,5116,2555,2561,11327,5769,5558,5352,2729,2623,9977,5118,4859,93535,45329,48206,90903,43966,46937,39325,19790,19535,25368,12634,12734,30408,14799,15609,25150,11415,13735,5116,2555,2561,6105,3092,3013,6594,3368,3226,7090,3615,3475,6867,3541,3326,5910,3026,2884,6460,3239,3221,6719,3257,3462,6279,3112,3167,5898,2892,3006,7378,3658,3720,8439,4031,4408,8693,4218,4475,7849,3770,4079,7119,3317,3802,4573,2123,2450,2829,1191,1638,2780,1014,1766,44.3,42.8,45.9
050,36,069,New York,Ontario County,4,112499,54996,57503,5113,2560,2553,11079,5644,5435,5364,2758,2606,9751,5001,4750,93593,45394,48199,90943,44034,46909,39148,19751,19397,25386,12700,12686,29903,14555,15348,25903,11778,14125,5113,2560,2553,5996,3037,2959,6436,3315,3121,7031,3591,3440,6731,3460,3271,5801,3006,2795,6396,3241,3155,6765,3288,3477,6424,3165,3259,5798,2870,2928,7179,3533,3646,8156,3931,4225,8770,4221,4549,7997,3856,4141,7005,3249,3756,5110,2386,2724,2970,1261,1709,2821,1026,1795,44.6,43.1,46.2
050,36,069,New York,Ontario County,5,112374,54948,57426,5029,2547,2482,10965,5576,5389,5339,2749,2590,9571,4923,4648,93757,45466,48291,91041,44076,46965,39196,19821,19375,25565,12800,12765,29168,14196,14972,26737,12157,14580,5029,2547,2482,5931,3027,2904,6313,3200,3113,6938,3561,3377,6693,3460,3233,5854,3040,2814,6343,3221,3122,6776,3329,3447,6592,3210,3382,5829,2900,2929,6854,3361,3493,7811,3790,4021,8674,4145,4529,8138,3904,4234,7152,3343,3809,5332,2473,2859,3205,1366,1839,2910,1071,1839,44.8,43.3,46.4
050,36,069,New York,Ontario County,6,112733,55103,57630,5003,2594,2409,10812,5483,5329,5279,2727,2552,9503,4829,4674,94358,45711,48647,91639,44299,47340,39245,19793,19452,25773,12911,12862,28727,13999,14728,27636,12560,15076,5003,2594,2409,5789,2935,2854,6333,3222,3111,6878,3523,3355,6594,3359,3235,5906,3095,2811,6324,3176,3148,6837,3363,3474,6706,3277,3429,6037,2997,3040,6556,3248,3308,7562,3657,3905,8572,4097,4475,8182,3908,4274,7363,3456,3907,5653,2612,3041,3393,1453,1940,3045,1131,1914,45.0,43.5,46.6
050,36,069,New York,Ontario County,7,113130,55265,57865,4947,2584,2363,10676,5405,5271,5213,2711,2502,9784,4976,4808,94914,45940,48974,92294,44565,47729,39534,19937,19597,25819,12918,12901,28254,13754,14500,28437,12917,15520,4947,2584,2363,5678,2892,2786,6280,3181,3099,7019,3608,3411,6696,3411,3285,5892,3056,2836,6275,3164,3111,6886,3387,3499,6766,3311,3455,6160,3026,3134,6265,3102,3163,7397,3616,3781,8432,4010,4422,8184,3882,4302,7479,3518,3961,5978,2727,3251,3606,1581,2025,3190,1209,1981,45.1,43.5,46.6
050,36,071,New York,Orange County,1,401312,198647,202665,26001,13307,12694,51405,26134,25271,24529,12743,11786,40754,22136,18618,311787,152978,158809,299377,146463,152914,154821,79202,75619,95659,47429,48230,105594,51354,54240,57370,25544,31826,26001,13307,12694,27850,14096,13754,29676,15144,14532,31166,16729,14437,27996,15044,12952,23545,12083,11462,24172,12043,12129,24163,11641,12522,23779,11662,12117,24953,11959,12994,27592,13348,14244,28277,13812,14465,24772,12235,12537,19441,9179,10262,15522,7207,8315,10072,4532,5540,6102,2530,3572,6233,2096,4137,37.1,35.4,38.8
050,36,071,New York,Orange County,2,400973,198454,202519,26060,13348,12712,51285,26083,25202,24542,12726,11816,40673,22101,18572,311494,152802,158692,299086,146297,152789,154998,79262,75736,95867,47529,48338,105091,51061,54030,57455,25606,31849,26060,13348,12712,27760,14058,13702,29609,15119,14490,31160,16723,14437,27971,15010,12961,23533,12060,11473,24236,12086,12150,24197,11656,12541,23901,11727,12174,24679,11842,12837,27482,13281,14201,28182,13738,14444,24748,12200,12548,19497,9222,10275,15635,7235,8400,10096,4542,5554,6106,2540,3566,6121,2067,4054,37.1,35.3,38.7
050,36,071,New York,Orange County,3,405133,200619,204514,26504,13540,12964,51189,26016,25173,24608,12687,11921,41416,22596,18820,315293,154885,160408,302832,148376,154456,158297,81037,77260,98278,48817,49461,103902,50500,53402,59236,26463,32773,26504,13540,12964,27677,14029,13648,29517,15050,14467,31478,16948,14530,28541,15272,13269,23710,12137,11573,24897,12438,12459,24876,12053,12823,24795,12189,12606,23991,11570,12421,27286,13268,14018,27817,13529,14288,24808,12133,12675,19998,9558,10440,16417,7557,8860,10416,4660,5756,6306,2617,3689,6099,2071,4028,37.1,35.4,38.7
050,36,071,New York,Orange County,4,407314,201895,205419,26875,13799,13076,51095,25992,25103,24870,12799,12071,41276,22671,18605,317138,155850,161288,304474,149305,155169,159678,81794,77884,99675,49480,50195,102565,49811,52754,60958,27343,33615,26875,13799,13076,27645,14108,13537,29593,15040,14553,31416,16898,14518,28587,15416,13171,23613,12041,11572,25250,12601,12649,25406,12384,13022,25406,12454,12952,23987,11549,12438,26696,13046,13650,27269,13257,14012,24613,11959,12654,20515,9896,10619,16378,7506,8872,11313,5052,6261,6621,2757,3864,6131,2132,3999,37.1,35.4,38.7
050,36,071,New York,Orange County,5,410179,203094,207085,27405,13992,13413,50853,25823,25030,24792,12688,12104,41802,23096,18706,319777,157040,162737,307129,150591,156538,161660,82759,78901,101020,50028,50992,101682,49351,52331,62625,28116,34509,27405,13992,13413,27599,14151,13448,29208,14725,14483,31484,16779,14705,29156,15952,13204,23883,12019,11864,25348,12672,12676,25827,12684,13143,25962,12653,13309,24280,11757,12523,26038,12665,13373,26680,12951,13729,24684,11978,12706,20909,10100,10809,16458,7456,9002,11897,5294,6603,7121,3057,4064,6240,2209,4031,37.1,35.5,38.7
050,36,071,New York,Orange County,6,415088,205731,209357,28145,14467,13678,51121,25972,25149,24827,12737,12090,42378,23369,19009,323802,159149,164653,310995,152555,158440,164078,84079,79999,102900,51043,51857,101221,49152,52069,64496,28991,35505,28145,14467,13678,27876,14287,13589,29272,14755,14517,31555,16776,14779,29623,16260,13363,24476,12351,12125,25330,12701,12629,26546,13017,13529,26548,12974,13574,24861,12129,12732,25491,12290,13201,25933,12622,13311,24936,12111,12825,21269,10216,11053,16754,7662,9092,12591,5543,7048,7506,3250,4256,6376,2320,4056,37.1,35.5,38.7
050,36,071,New York,Orange County,7,417669,207012,210657,28794,14750,14044,50820,25972,24848,24631,12575,12056,42281,23240,19041,326106,160314,165792,313424,153715,159709,164973,84572,80401,103977,51683,52294,100825,48914,51911,66341,29878,36463,28794,14750,14044,27772,14227,13545,28964,14671,14293,31498,16745,14753,29498,16144,13354,25430,12864,12566,24834,12507,12327,26898,13201,13697,26815,13111,13704,25227,12413,12814,24837,11922,12915,25719,12479,13240,25042,12100,12942,21549,10309,11240,17170,7902,9268,13192,5839,7353,7876,3397,4479,6554,2431,4123,37.2,35.6,38.8
050,36,073,New York,Orleans County,1,40412,20266,20146,1932,1001,931,4080,2083,1997,1973,1010,963,3095,1656,1439,33431,16683,16748,32427,16172,16255,14545,7535,7010,9939,5113,4826,11819,5869,5950,7574,3534,4040,1932,1001,931,2183,1106,1077,2359,1221,1138,2376,1217,1159,2230,1205,1025,2613,1390,1223,2623,1359,1264,2543,1292,1251,2160,1072,1088,2355,1198,1157,2872,1402,1470,3376,1697,1679,3216,1572,1644,2612,1325,1287,2011,961,1050,1328,610,718,823,341,482,800,297,503,43.0,41.6,44.6
050,36,073,New York,Orleans County,2,40047,20105,19942,1932,997,935,4056,2078,1978,1958,997,961,3073,1643,1430,33101,16539,16562,32101,16033,16068,14336,7442,6894,9770,5044,4726,11682,5795,5887,7576,3551,4025,1932,997,935,2166,1104,1062,2355,1216,1139,2347,1203,1144,2219,1195,1024,2548,1365,1183,2579,1332,1247,2501,1280,1221,2142,1067,1075,2296,1165,1131,2835,1388,1447,3342,1677,1665,3209,1565,1644,2635,1337,1298,2019,963,1056,1330,613,717,813,345,468,779,293,486,43.1,41.7,44.7
050,36,073,New York,Orleans County,3,39783,19959,19824,1909,994,915,4043,2087,1956,1917,982,935,3077,1644,1433,32900,16392,16508,31914,15896,16018,14268,7435,6833,9742,5048,4694,11279,5552,5727,7816,3652,4164,1909,994,915,2162,1126,1036,2349,1200,1149,2280,1188,1092,2246,1199,1047,2484,1318,1166,2577,1326,1251,2494,1307,1187,2187,1097,1090,2134,1044,1090,2758,1365,1393,3193,1602,1591,3194,1541,1653,2726,1380,1346,2136,1011,1125,1369,627,742,799,346,453,786,288,498,43.0,41.4,44.9
050,36,073,New York,Orleans County,4,39510,19869,19641,1866,961,905,3939,2039,1900,1899,964,935,3005,1588,1417,32770,16404,16366,31806,15905,15901,14206,7433,6773,9782,5118,4664,10942,5422,5520,8077,3777,4300,1866,961,905,2145,1123,1022,2274,1153,1121,2204,1145,1059,2220,1170,1050,2397,1294,1103,2595,1368,1227,2484,1287,1197,2306,1169,1137,2035,1002,1033,2658,1326,1332,3082,1533,1549,3167,1561,1606,2853,1416,1437,2127,1025,1102,1464,682,782,848,372,476,785,282,503,43.3,41.7,45.0
050,36,073,New York,Orleans County,5,39567,19813,19754,1835,934,901,3913,2009,1904,1834,943,891,2969,1536,1433,32905,16395,16510,31985,15927,16058,14287,7424,6863,9932,5193,4739,10687,5296,5391,8397,3902,4495,1835,934,901,2174,1137,1037,2187,1120,1067,2168,1100,1068,2187,1131,1056,2337,1272,1065,2680,1408,1272,2516,1294,1222,2399,1219,1180,2057,1008,1049,2513,1260,1253,2972,1460,1512,3145,1568,1577,2978,1465,1513,2160,1044,1116,1506,695,811,948,429,519,805,269,536,43.4,41.9,45.0
050,36,073,New York,Orleans County,6,39886,19889,19997,1853,922,931,3841,1944,1897,1831,931,900,2964,1549,1415,33271,16542,16729,32361,16092,16269,14539,7576,6963,10221,5334,4887,10511,5215,5296,8665,3994,4671,1853,922,931,2106,1072,1034,2212,1110,1102,2123,1095,1028,2195,1147,1048,2422,1290,1132,2743,1463,1280,2625,1349,1276,2431,1232,1199,2107,1050,1057,2356,1167,1189,2850,1403,1447,3198,1595,1603,3012,1452,1560,2223,1080,1143,1593,732,861,1017,455,562,820,275,545,43.3,42.0,44.9
050,36,073,New York,Orleans County,7,39825,19830,19995,1840,908,932,3787,1931,1856,1829,929,900,2873,1505,1368,33281,16539,16742,32369,16062,16307,14574,7579,6995,10329,5366,4963,10232,5089,5143,8935,4102,4833,1840,908,932,2072,1064,1008,2172,1088,1084,2103,1093,1010,2142,1120,1022,2532,1363,1169,2710,1428,1282,2621,1327,1294,2466,1248,1218,2156,1099,1057,2182,1082,1100,2717,1337,1380,3177,1571,1606,2979,1414,1565,2386,1176,1210,1679,769,910,1052,473,579,839,270,569,43.5,42.1,44.9
050,36,075,New York,Oswego County,1,117530,58596,58934,6271,3130,3141,12710,6498,6212,5772,2981,2791,12754,6418,6336,95678,47502,48176,92777,45987,46790,43819,22194,21625,26733,13546,13187,32841,16456,16385,20449,9567,10882,6271,3130,3141,6882,3560,3322,7268,3689,3579,8671,4363,4308,8415,4285,4130,6781,3475,3306,6921,3500,3421,6726,3401,3325,6305,3170,3135,6743,3351,3392,7985,3960,4025,9396,4724,4672,8717,4421,4296,7006,3469,3537,5505,2703,2802,3611,1641,1970,2235,929,1306,2092,825,1267,40.6,39.8,41.4
050,36,075,New York,Oswego County,2,117437,58565,58872,6252,3138,3114,12642,6458,6184,5798,2990,2808,12718,6406,6312,95648,47492,48156,92745,45979,46766,43771,22187,21584,26718,13545,13173,32680,16364,16316,20629,9664,10965,6252,3138,3114,6844,3527,3317,7261,3685,3576,8619,4346,4273,8434,4296,4138,6711,3438,3273,6915,3499,3416,6768,3427,3341,6324,3181,3143,6662,3317,3345,7931,3926,4005,9345,4686,4659,8742,4435,4307,7059,3511,3548,5587,2726,2861,3616,1648,1968,2258,953,1305,2109,826,1283,40.7,39.9,41.5
050,36,075,New York,Oswego County,3,118057,58900,59157,6190,3119,3071,12540,6426,6114,5848,2981,2867,13143,6646,6497,96370,47857,48513,93479,46374,47105,44570,22612,21958,27066,13729,13337,32031,16004,16027,21239,9995,11244,6190,3119,3071,6823,3494,3329,7204,3676,3528,8786,4435,4351,8718,4448,4270,6602,3363,3239,7084,3591,3493,6897,3523,3374,6483,3252,3231,6315,3174,3141,7802,3838,3964,9018,4494,4524,8896,4498,4398,7261,3656,3605,5913,2837,3076,3660,1684,1976,2309,1005,1304,2096,813,1283,40.5,39.7,41.4
050,36,075,New York,Oswego County,4,118150,58954,59196,6010,3081,2929,12506,6406,6100,5841,2972,2869,13422,6786,6636,96705,47985,48720,93793,46495,47298,45099,22868,22231,27265,13840,13425,31197,15541,15656,21909,10328,11581,6010,3081,2929,6795,3452,3343,7140,3684,3456,9047,4543,4504,8787,4485,4302,6478,3338,3140,7206,3622,3584,6946,3526,3420,6635,3354,3281,6098,3058,3040,7535,3720,3815,8679,4291,4388,8885,4472,4413,7515,3795,3720,5862,2805,3057,4035,1878,2157,2392,1046,1346,2105,804,1301,40.5,39.6,41.4
050,36,075,New York,Oswego County,5,117939,58891,59048,5896,3069,2827,12378,6310,6068,5831,2972,2859,13121,6651,6470,96795,48035,48760,93834,46540,47294,45033,22884,22149,27524,13999,13525,30553,15188,15365,22636,10702,11934,5896,3069,2827,6719,3393,3326,7102,3655,3447,8949,4499,4450,8560,4386,4174,6555,3387,3168,7227,3642,3585,6950,3533,3417,6792,3437,3355,6092,3053,3039,7224,3562,3662,8337,4103,4234,8900,4470,4430,7748,3902,3846,5963,2866,3097,4235,2007,2228,2556,1112,1444,2134,815,1319,40.7,39.8,41.7
050,36,075,New York,Oswego County,6,118182,59029,59153,5862,3103,2759,12247,6212,6035,5885,3002,2883,12891,6495,6396,97135,48207,48928,94188,46712,47476,45109,22933,22176,27809,14192,13617,30097,14932,15165,23391,11093,12298,5862,3103,2759,6638,3319,3319,7085,3649,3436,8950,4507,4443,8350,4234,4116,6741,3500,3241,7210,3652,3558,7017,3551,3466,6841,3489,3352,6225,3119,3106,6924,3399,3525,7968,3954,4014,8980,4460,4520,7892,3985,3907,6171,2988,3183,4468,2129,2339,2681,1169,1512,2179,822,1357,40.9,40.0,41.8
050,36,075,New York,Oswego County,7,118569,59258,59311,5764,3092,2672,12238,6194,6044,5808,3005,2803,12786,6484,6302,97653,48455,49198,94759,46967,47792,45340,23067,22273,28183,14338,13845,29580,14659,14921,24210,11486,12724,5764,3092,2672,6639,3321,3318,7036,3633,3403,8983,4520,4463,8174,4209,3965,6974,3618,3356,7057,3553,3504,7269,3674,3595,6883,3493,3390,6412,3221,3191,6596,3258,3338,7697,3771,3926,8875,4409,4466,8092,4066,4026,6403,3131,3272,4717,2244,2473,2761,1197,1564,2237,848,1389,41.0,40.0,42.0
050,36,077,New York,Otsego County,1,58510,28175,30335,2460,1282,1178,5166,2688,2478,2414,1161,1253,8847,3826,5021,49742,23658,26084,48470,23044,25426,22458,10635,11823,11737,5902,5835,15124,7348,7776,12762,5968,6794,2460,1282,1178,2806,1454,1352,2900,1488,1412,3823,1914,1909,6898,2819,4079,2972,1500,1472,3013,1506,1507,3012,1499,1513,2740,1397,1343,2950,1443,1507,3503,1698,1805,4241,2067,2174,4430,2140,2290,4074,1975,2099,3317,1663,1654,2364,1099,1265,1495,690,805,1512,541,971,42.5,42.2,42.7
050,36,077,New York,Otsego County,2,58389,28127,30262,2453,1270,1183,5138,2672,2466,2384,1152,1232,9022,3910,5112,49672,23639,26033,48414,23033,25381,22523,10670,11853,11660,5872,5788,14932,7268,7664,12800,5983,6817,2453,1270,1183,2785,1444,1341,2896,1492,1404,3800,1902,1898,7063,2896,4167,2932,1489,1443,2992,1502,1490,2987,1484,1503,2749,1397,1352,2899,1423,1476,3453,1674,1779,4182,2048,2134,4398,2123,2275,4070,1967,2103,3363,1688,1675,2362,1097,1265,1496,690,806,1509,541,968,42.3,42.0,42.5
050,36,077,New York,Otsego County,3,60737,28997,31740,2519,1273,1246,5087,2660,2427,2335,1160,1175,11658,4887,6771,52020,24496,27524,50796,23904,26892,25076,11609,13467,11664,5871,5793,14443,7072,7371,13031,6074,6957,2519,1273,1246,2770,1439,1331,2898,1530,1368,4177,2116,2061,9235,3622,5613,2836,1443,1393,2989,1501,1488,3000,1491,1509,2839,1436,1403,2754,1351,1403,3371,1648,1723,3985,1973,2012,4333,2100,2233,4063,1935,2128,3578,1804,1774,2354,1082,1272,1555,711,844,1481,542,939,39.9,40.3,39.5
050,36,077,New York,Otsego County,4,60447,28841,31606,2496,1256,1240,5025,2625,2400,2301,1156,1145,11770,4917,6853,51758,24348,27410,50625,23804,26821,25047,11609,13438,11564,5834,5730,14034,6885,7149,13257,6168,7089,2496,1256,1240,2691,1393,1298,2922,1530,1392,4106,2119,1987,9377,3656,5721,2654,1372,1282,2996,1501,1495,3020,1491,1529,2894,1470,1424,2672,1340,1332,3270,1594,1676,3801,1884,1917,4291,2067,2224,4058,1916,2142,3526,1774,1752,2555,1178,1377,1607,733,874,1511,567,944,39.9,40.3,39.5
050,36,077,New York,Otsego County,5,60581,28911,31670,2472,1271,1201,4951,2582,2369,2333,1172,1161,12335,5128,7207,51974,24464,27510,50825,23886,26939,25403,11737,13666,11318,5736,5582,13592,6705,6887,13580,6317,7263,2472,1271,1201,2645,1361,1284,2889,1520,1369,4134,2126,2008,9951,3875,6076,2383,1256,1127,3009,1506,1503,3010,1508,1502,2916,1466,1450,2688,1359,1329,3150,1522,1628,3569,1791,1778,4185,2033,2152,4118,1936,2182,3546,1759,1787,2659,1257,1402,1731,784,947,1526,581,945,39.6,40.1,39.2
050,36,077,New York,Otsego County,6,60634,29016,31618,2418,1266,1152,4925,2570,2355,2375,1219,1156,12620,5275,7345,52147,24578,27569,50916,23961,26955,25599,11845,13754,11157,5649,5508,13194,6538,6656,13945,6499,7446,2418,1266,1152,2634,1377,1257,2844,1491,1353,4166,2164,2002,10276,4032,6244,2224,1188,1036,2965,1504,1461,3030,1513,1517,2938,1444,1494,2678,1365,1313,2989,1455,1534,3433,1720,1713,4094,1998,2096,4162,1981,2181,3659,1792,1867,2743,1314,1429,1806,808,998,1575,604,971,39.6,39.9,39.3
050,36,077,New York,Otsego County,7,60589,29014,31575,2376,1287,1089,4885,2529,2356,2369,1208,1161,12697,5298,7399,52199,24591,27608,50959,23990,26969,25676,11893,13783,11182,5695,5487,12874,6359,6515,14206,6638,7568,2376,1287,1089,2619,1358,1261,2838,1479,1359,4156,2171,1985,10338,4027,6311,2202,1182,1020,2966,1532,1434,3042,1505,1537,2972,1476,1496,2698,1376,1322,2840,1379,1461,3367,1661,1706,3969,1943,2026,4099,1971,2128,3748,1803,1945,2890,1420,1470,1867,824,1043,1602,620,982,39.6,39.9,39.3
050,36,079,New York,Putnam County,1,97680,48609,49071,4460,2241,2219,9728,5044,4684,5298,2709,2589,7846,4233,3613,80941,40018,40923,78194,38615,39579,34058,17541,16517,22158,11247,10911,30441,14944,15497,17749,8191,9558,4460,2241,2219,5056,2637,2419,5916,3055,2861,6190,3210,2980,5710,3084,2626,5048,2667,2381,5270,2698,2572,6024,2990,3034,5816,2892,2924,6623,3228,3395,7801,3861,3940,8498,4157,4341,7519,3698,3821,6014,2929,3085,4645,2256,2389,3246,1516,1730,2013,838,1175,1831,652,1179,44.5,43.0,45.9
050,36,079,New York,Putnam County,2,97636,48625,49011,4477,2251,2226,9686,5019,4667,5259,2702,2557,7853,4234,3619,80940,40051,40889,78214,38653,39561,34148,17606,16542,22276,11318,10958,30284,14887,15397,17801,8214,9587,4477,2251,2226,5033,2630,2403,5893,3037,2856,6172,3204,2968,5700,3084,2616,5057,2671,2386,5313,2710,2603,6074,3036,3038,5832,2901,2931,6542,3205,3337,7749,3834,3915,8461,4141,4320,7532,3707,3825,6043,2938,3105,4685,2277,2408,3246,1511,1735,2002,837,1165,1825,651,1174,44.4,42.9,45.8
050,36,079,New York,Putnam County,3,98272,48936,49336,4558,2257,2301,9495,4928,4567,5140,2667,2473,7885,4197,3688,81710,40440,41270,79079,39084,39995,34844,17980,16864,23061,11761,11300,29657,14607,15050,18476,8519,9957,4558,2257,2301,4955,2610,2345,5782,2963,2819,6111,3179,2932,5672,3040,2632,5175,2760,2415,5589,2840,2749,6327,3204,3123,5970,2957,3013,6228,3101,3127,7588,3744,3844,8261,4027,4234,7580,3735,3845,6196,3010,3186,4937,2371,2566,3345,1568,1777,2068,863,1205,1930,707,1223,44.2,42.7,45.6
050,36,079,New York,Putnam County,4,98361,48879,49482,4684,2367,2317,9422,4842,4580,5041,2567,2474,7712,4078,3634,81773,40405,41368,79214,39103,40111,35052,18022,17030,23521,11997,11524,28882,14218,14664,19099,8810,10289,4684,2367,2317,5028,2572,2456,5616,2890,2726,6017,3094,2923,5514,2931,2583,5186,2747,2439,5701,2921,2780,6429,3234,3195,6205,3095,3110,6055,3004,3051,7261,3571,3690,8034,3953,4081,7532,3690,3842,6372,3116,3256,4972,2331,2641,3530,1692,1838,2275,963,1312,1950,708,1242,44.0,42.7,45.3
050,36,079,New York,Putnam County,5,98110,48700,49410,4691,2405,2286,9394,4813,4581,4922,2523,2399,7563,4022,3541,81648,40267,41381,79103,38959,40144,34910,17943,16967,23575,11985,11590,28235,13902,14333,19730,9050,10680,4691,2405,2286,5045,2557,2488,5499,2843,2656,5884,3042,2842,5451,2916,2535,5247,2738,2509,5539,2851,2688,6377,3203,3174,6412,3193,3219,6030,2977,3053,6913,3399,3514,7754,3822,3932,7538,3704,3834,6436,3120,3316,5151,2408,2743,3665,1757,1908,2394,1019,1375,2084,746,1338,44.1,42.7,45.5
050,36,079,New York,Putnam County,6,98842,49029,49813,4754,2478,2276,9391,4807,4584,4856,2505,2351,7617,4025,3592,82371,40552,41819,79841,39239,40602,35280,18081,17199,23963,12142,11821,27818,13688,14130,20443,9384,11059,4754,2478,2276,5064,2569,2495,5483,2829,2654,5765,2993,2772,5552,2946,2606,5313,2797,2516,5633,2822,2811,6516,3287,3229,6501,3236,3265,6062,2983,3079,6711,3274,3437,7492,3738,3754,7553,3693,3860,6629,3193,3436,5251,2475,2776,3872,1833,2039,2505,1088,1417,2186,795,1391,44.1,42.7,45.4
050,36,079,New York,Putnam County,7,99028,49180,49848,4739,2471,2268,9381,4816,4565,4715,2454,2261,7597,3969,3628,82595,40696,41899,80193,39439,40754,35278,18109,17169,24114,12288,11826,27348,13461,13887,21134,9721,11413,4739,2471,2268,5074,2566,2508,5455,2852,2603,5662,2948,2714,5502,2873,2629,5344,2875,2469,5638,2785,2853,6530,3312,3218,6602,3316,3286,6142,3022,3120,6406,3157,3249,7283,3601,3682,7517,3681,3836,6702,3257,3445,5451,2551,2900,4108,1915,2193,2591,1165,1426,2282,833,1449,44.2,42.8,45.6
050,36,081,New York,Queens County,1,2405427,1164671,1240756,133636,68304,65332,228346,117093,111253,104582,54034,50548,208450,105980,102470,1991921,952687,1039234,1938863,925240,1013623,1015232,508357,506875,727770,361604,366166,629287,299739,329548,373356,157917,215439,133636,68304,65332,125095,64063,61032,128821,66291,62530,133960,69177,64783,153502,77576,75926,190817,95133,95684,197326,98918,98408,177594,88368,89226,162033,79185,82848,156430,75805,80625,160544,76496,84048,161615,76598,85017,150698,70840,79858,121932,55881,66051,94756,41559,53197,63864,26536,37328,44909,17851,27058,47895,16090,31805,38.9,37.4,40.4
050,36,081,New York,Queens County,2,2385541,1154176,1231365,131811,67348,64463,226474,116128,110346,104006,53745,50261,206144,104693,101451,1975948,944226,1031722,1923250,916955,1006295,1007587,504606,502981,722997,359385,363612,625009,297109,327900,369100,155768,213332,131811,67348,64463,124136,63560,60576,127898,65785,62113,131560,68017,63543,153030,77204,75826,188680,94136,94544,196211,98399,97812,176477,87826,88651,161629,79024,82605,154874,74892,79982,159465,75938,83527,160671,75968,84703,149999,70311,79688,121575,55552,66023,94508,41394,53114,63142,26073,37069,44009,17349,26660,45866,15400,30466,38.9,37.4,40.5
050,36,081,New York,Queens County,3,2328520,1126392,1202128,123342,63169,60173,218304,111963,106341,101363,52390,48973,196573,99754,96819,1936666,925327,1011339,1885511,898870,986641,966391,484787,481604,693655,345614,348041,614415,292056,322359,380868,161446,219422,123342,63169,60173,119948,61408,58540,123556,63526,60030,123372,64093,59279,149364,75080,74284,177042,88600,88442,188047,94395,93652,169905,84941,84964,158661,77678,80983,148941,71774,77167,157158,75075,82083,158882,75145,83737,149434,70062,79372,125016,57304,67712,98619,43624,54995,64823,26784,38039,45170,17695,27475,47240,16039,31201,39.7,38.1,41.3
050,36,081,New York,Queens County,4,2291363,1107819,1183544,118248,60557,57691,210433,107951,102482,99455,51250,48205,189920,96400,93520,1913142,913826,999316,1863227,888061,975166,942704,473078,469626,678135,338143,339992,603878,287178,316700,391294,166340,224954,118248,60557,57691,116324,59537,56787,118915,61129,57786,119571,62251,57320,144998,72684,72314,174017,87021,86996,183358,92296,91062,165516,82980,82536,155244,75846,79398,145792,70429,75363,154190,73413,80777,156009,73609,82400,147887,69727,78160,128156,58747,69409,99523,44214,55309,69072,28866,40206,46144,17963,28181,48399,16550,31849,40.1,38.4,41.8
050,36,081,New York,Queens County,5,2314747,1120607,1194140,118565,60942,57623,209109,107479,101630,98880,51008,47872,191379,96869,94510,1938164,927129,1011035,1888193,901178,987015,954081,479103,474978,688021,343572,344449,602994,287322,315672,405799,173415,232384,118565,60942,57623,116516,59791,56725,116792,60034,56758,120621,62900,57721,145439,72631,72808,178894,88968,89926,186699,94248,92451,167069,84278,82791,155359,76078,79281,145778,70416,75362,152886,72893,79993,154605,73136,81469,149725,70877,78848,132013,60725,71288,102199,45606,56593,73000,30743,42257,48256,18873,29383,50331,17468,32863,40.2,38.5,41.9
050,36,081,New York,Queens County,6,2367034,1146747,1220287,122687,63358,59329,212117,109113,103004,99911,51620,48291,196002,98923,97079,1983739,949393,1034346,1932319,922656,1009663,982010,493059,488951,710029,354771,355258,604813,288009,316804,421475,180953,240522,122687,63358,59329,118025,60530,57495,118024,60838,57186,123709,64313,59396,148272,73975,74297,187484,92757,94727,191993,96890,95103,173390,88106,85284,157162,77018,80144,148132,71647,76485,150944,71962,78982,154141,72765,81376,151596,71635,79961,135056,62445,72611,105924,47362,58562,77742,32964,44778,49966,19677,30289,52787,18505,34282,40.0,38.4,41.7
050,36,081,New York,Queens County,7,2358182,1142052,1216130,121465,62686,58779,209791,108086,101705,97264,50158,47106,187863,95029,92834,1979617,946900,1032717,1929662,921122,1008540,970281,487297,482984,708732,354282,354450,598666,284606,314060,434401,187205,247196,121465,62686,58779,116558,60089,56469,116811,60169,56642,120221,62433,57788,141328,70582,70746,187908,92744,95164,190039,95471,94568,175236,89200,86036,155549,76867,78682,147963,71498,76465,147175,70075,77100,152496,72001,80495,151032,71032,80000,136342,63302,73040,109021,48707,60314,82326,35277,47049,51387,20393,30994,55325,19526,35799,40.3,38.7,42.0
050,36,083,New York,Rensselaer County,1,161126,79757,81369,8049,4217,3832,15602,7928,7674,7458,3875,3583,17888,9927,7961,133836,65680,68156,130017,63737,66280,64803,33121,31682,41327,20341,20986,42342,20572,21770,28460,12897,15563,8049,4217,3832,8450,4276,4174,9022,4674,4348,11481,6304,5177,11995,6476,5519,11155,5571,5584,11177,5464,5713,10067,4929,5138,8928,4377,4551,9124,4500,4624,10359,5061,5298,11593,5557,6036,11266,5454,5812,9495,4643,4852,7663,3590,4073,4850,2207,2643,3014,1277,1737,3438,1180,2258,39.6,37.9,41.2
050,36,083,New York,Rensselaer County,2,160889,79621,81268,8008,4178,3830,15552,7913,7639,7450,3865,3585,17783,9849,7934,133690,65610,68080,129879,63665,66214,64794,33132,31662,41407,20403,21004,42130,20458,21672,28559,12955,15604,8008,4178,3830,8410,4254,4156,8988,4644,4344,11418,6269,5149,11969,6460,5509,11134,5572,5562,11170,5456,5714,10104,4952,5152,8999,4423,4576,9031,4449,4582,10304,5043,5261,11528,5515,6013,11267,5451,5816,9535,4649,4886,7732,3634,4098,4884,2229,2655,3013,1270,1743,3395,1173,2222,39.6,38.0,41.2
050,36,083,New York,Rensselaer County,3,160634,79496,81138,7821,4047,3774,15329,7888,7441,7286,3783,3503,17414,9617,7797,133901,65707,68194,130198,63778,66420,65030,33264,31766,42109,20769,21340,41308,20018,21290,29367,13374,15993,7821,4047,3774,8291,4207,4084,8817,4586,4231,11086,6095,4991,11835,6400,5435,11193,5625,5568,11301,5537,5764,10317,5014,5303,9298,4593,4705,8647,4236,4411,10156,5012,5144,11230,5358,5872,11275,5412,5863,9772,4723,5049,8138,3845,4293,5051,2330,2721,3048,1275,1773,3358,1201,2157,39.8,38.2,41.4
050,36,083,New York,Rensselaer County,4,159213,78829,80384,7607,3942,3665,15009,7723,7286,7203,3759,3444,16547,9205,7342,133038,65317,67721,129394,63405,65989,64410,32948,31462,42461,20952,21509,40592,19715,20877,29794,13533,16261,7607,3942,3665,8128,4194,3934,8682,4497,4185,10865,5981,4884,11084,6015,5069,11060,5503,5557,11364,5600,5764,10571,5212,5359,9466,4637,4829,8516,4231,4285,9953,4884,5069,10907,5220,5687,11216,5380,5836,9883,4744,5139,7997,3797,4200,5507,2519,2988,3204,1334,1870,3203,1139,2064,40.1,38.4,41.7
050,36,083,New York,Rensselaer County,5,159605,79064,80541,7593,3931,3662,14650,7505,7145,7263,3812,3451,16313,9049,7264,133786,65718,68068,130099,63816,66283,65016,33304,31712,43222,21397,21825,39953,19447,20506,30611,13923,16688,7593,3931,3662,7914,4105,3809,8518,4354,4164,11081,6163,4918,10713,5744,4969,11242,5684,5558,11381,5573,5808,10897,5382,5515,9702,4758,4944,8577,4250,4327,9700,4770,4930,10542,5052,5490,11134,5375,5759,10022,4785,5237,8185,3915,4270,5780,2632,3148,3443,1436,2007,3181,1155,2026,40.2,38.6,41.8
050,36,083,New York,Rensselaer County,6,160014,79395,80619,7599,3886,3713,14498,7532,6966,7255,3781,3474,16058,8965,7093,134365,66112,68253,130662,64196,66466,65434,33603,31831,43906,21777,22129,39374,19162,20212,31324,14292,17032,7599,3886,3713,7849,4154,3695,8434,4298,4136,11049,6200,4849,10479,5626,4853,11336,5723,5613,11502,5736,5766,11166,5469,5697,9902,4849,5053,8705,4292,4413,9274,4579,4695,10259,4970,5289,11136,5321,5815,10164,4849,5315,8273,3974,4299,6203,2838,3365,3500,1471,2029,3184,1160,2024,40.3,38.7,42.0
050,36,083,New York,Rensselaer County,7,160510,79680,80830,7462,3794,3668,14295,7406,6889,7212,3797,3415,15820,8829,6991,135237,66654,68583,131541,64683,66858,66052,33961,32091,44752,22242,22510,38933,18936,19997,32036,14676,17360,7462,3794,3668,7794,4079,3715,8233,4234,3999,11079,6173,4906,10221,5546,4675,11561,5815,5746,11548,5754,5794,11475,5600,5875,10168,5073,5095,8916,4334,4582,9022,4465,4557,10016,4933,5083,10979,5204,5775,10264,4916,5348,8477,4056,4421,6497,3000,3497,3638,1538,2100,3160,1166,1994,40.4,38.9,42.0
050,36,085,New York,Richmond County,1,496252,240786,255466,26930,13944,12986,53667,27597,26070,25969,13336,12633,44349,22954,21395,402967,192732,210235,389686,185909,203777,189688,94808,94880,125659,61764,63895,134632,64116,70516,85046,37075,47971,26930,13944,12986,28890,14764,14126,31066,16079,14987,32408,16566,15842,31621,16478,15143,31940,16254,15686,32498,15957,16541,30869,14859,16010,30352,14694,15658,31355,15024,16331,33990,16128,17862,35503,16860,18643,33784,16104,17680,28153,13174,14979,22840,10276,12564,14992,6601,8391,9425,3819,5606,9636,3205,6431,40.3,38.4,42.0
050,36,085,New York,Richmond County,2,495122,240201,254921,26878,13920,12958,53504,27503,26001,25946,13326,12620,44308,22892,21416,402050,192254,209796,388794,185452,203342,189641,94785,94856,125685,61818,63867,134164,63869,70295,84637,36873,47764,26878,13920,12958,28812,14735,14077,30990,16019,14971,32128,16420,15708,31828,16547,15281,31856,16248,15608,32554,15993,16561,30939,14891,16048,30336,14686,15650,31134,14929,16205,33892,16074,17818,35390,16801,18589,33748,16065,17683,28127,13142,14985,22913,10302,12611,14914,6538,8376,9345,3790,5555,9338,3101,6237,40.3,38.4,42.0
050,36,085,New York,Richmond County,3,494101,239845,254256,26143,13613,12530,52920,27102,25818,25770,13327,12443,44157,22828,21329,402415,192564,209851,389268,185803,203465,189588,94915,94673,125981,62072,63909,132289,63038,69251,86841,37865,48976,26143,13613,12530,28518,14589,13929,30722,15825,14897,31273,16054,15219,32334,16789,15545,31647,16197,15450,32844,16172,16672,31272,15124,16148,30218,14579,15639,30232,14567,15665,33415,15845,17570,34806,16546,18260,33836,16080,17756,28554,13335,15219,23918,10781,13137,15253,6634,8619,9700,3969,5731,9416,3146,6270,40.4,38.5,42.1
050,36,085,New York,Richmond County,4,492579,239067,253512,25702,13201,12501,52333,26790,25543,25579,13236,12343,43456,22413,21043,401934,192532,209402,388965,185840,203125,188728,94675,94053,125970,62285,63685,130955,62489,68466,88584,38653,49931,25702,13201,12501,28352,14539,13813,30258,15510,14748,30997,15967,15030,31761,16423,15338,31551,16249,15302,32704,16174,16530,31151,15095,16056,30564,14767,15797,30053,14493,15560,32883,15572,17311,34430,16434,17996,33589,15990,17599,28904,13504,15400,23553,10586,12967,16497,7201,9296,10097,4197,5900,9533,3165,6368,40.6,38.8,42.3
050,36,085,New York,Richmond County,5,495182,240218,254964,25463,13040,12423,52189,26725,25464,25555,13218,12337,43230,22242,20988,405006,193974,211032,391975,187235,204740,189924,95319,94605,127323,63041,64282,129972,61960,68012,91450,39992,51458,25463,13040,12423,28325,14528,13797,30048,15379,14669,31106,16005,15101,31495,16273,15222,31975,16416,15559,32641,16173,16468,31852,15566,16286,30855,14886,15969,30295,14580,15715,32385,15418,16967,33867,16071,17796,33425,15891,17534,29735,13868,15867,23748,10660,13088,17237,7551,9686,10843,4581,6262,9887,3332,6555,40.7,38.9,42.4
050,36,085,New York,Richmond County,6,499572,242158,257414,25625,12972,12653,51918,26590,25328,25453,13133,12320,42978,22019,20959,409590,196213,213377,396576,189463,207113,191877,96384,95493,129608,64378,65230,129742,61769,67973,94248,41297,52951,25625,12972,12653,28182,14493,13689,29898,15243,14655,31157,16052,15105,31112,15954,15158,32982,16982,16000,32424,16047,16377,33062,16338,16724,31140,15011,16129,30686,14728,15958,31916,15232,16684,33586,15902,17684,33554,15907,17647,30218,14034,16184,24209,10994,13215,18176,7951,10225,11276,4762,6514,10369,3556,6813,40.9,39.1,42.5
050,36,085,New York,Richmond County,7,501290,242862,258428,25518,12898,12620,51613,26340,25273,25317,12981,12336,41847,21362,20485,411732,197325,214407,398842,190643,208199,192461,96684,95777,131507,65471,66036,128694,61267,67427,96794,42543,54251,25518,12898,12620,27880,14292,13588,29943,15178,14765,30880,15921,14959,30074,15292,14782,33987,17476,16511,32180,16074,16106,33671,16628,17043,31669,15293,16376,30633,14693,15940,31461,15148,16313,33234,15665,17569,33366,15761,17605,30516,14194,16322,24680,11248,13432,19112,8383,10729,11702,4937,6765,10784,3781,7003,41.0,39.3,42.7
050,36,087,New York,Rockland County,1,338332,166057,172275,27422,13937,13485,49998,25849,24149,21645,11058,10587,31774,16461,15313,250077,120737,129340,239267,115213,124054,125017,63065,61952,76951,38309,38642,77692,37351,40341,52850,23092,29758,27422,13937,13485,27452,14151,13301,27899,14461,13438,26063,13334,12729,22003,11422,10581,19692,10000,9692,19098,9589,9509,19510,9533,9977,18651,9187,9464,17899,8637,9262,19997,9600,10397,20894,10098,10796,18902,9016,9886,15709,7489,8220,13430,6052,7378,9436,4115,5321,6596,2724,3872,7679,2712,4967,34.9,33.0,36.8
050,36,087,New York,Rockland County,2,337429,165672,171757,27485,13982,13503,49968,25845,24123,21712,11104,10608,31849,16472,15377,249124,120291,128833,238264,114741,123523,125052,63108,61944,76881,38312,38569,77229,37097,40132,52305,22860,29445,27485,13982,13503,27381,14113,13268,27977,14512,13465,25985,13297,12688,22186,11499,10687,19599,9975,9624,19071,9576,9495,19482,9548,9934,18729,9213,9516,17816,8603,9213,19825,9510,10315,20774,10048,10726,18814,8936,9878,15671,7474,8197,13345,5988,7357,9362,4076,5286,6491,2670,3821,7436,2652,4784,34.8,32.8,36.6
050,36,087,New York,Rockland County,3,339874,167000,172874,28235,14424,13811,50237,25946,24291,21909,11251,10658,32222,16649,15573,250449,120947,129502,239493,115379,124114,126445,63826,62619,77860,38811,39049,76205,36656,39549,53206,23263,29943,28235,14424,13811,27379,14051,13328,28404,14780,13624,25741,13207,12534,22844,11808,11036,19701,10060,9641,19287,9629,9658,19664,9698,9966,19208,9424,9784,17613,8555,9058,19347,9299,10048,20304,9835,10469,18941,8967,9974,15763,7574,8189,13575,6081,7494,9547,4151,5396,6612,2688,3924,7709,2769,4940,34.6,32.6,36.4
050,36,087,New York,Rockland County,4,342154,168426,173728,29551,15085,14466,50565,25961,24604,22412,11613,10799,32249,16728,15521,250625,121392,129233,239626,115767,123859,127464,64608,62856,78614,39328,39286,75007,36176,38831,53756,23535,30221,29551,15085,14466,27650,14011,13639,28726,15011,13715,26022,13464,12558,22828,11816,11012,19846,10194,9652,19507,9838,9669,19589,9649,9940,19672,9647,10025,17594,8589,9005,18794,9054,9740,19728,9474,10254,18891,9059,9832,15790,7525,8265,13156,6004,7152,10118,4382,5736,6749,2761,3988,7943,2863,5080,34.2,32.3,36.1
050,36,087,New York,Rockland County,5,346437,170869,175568,31002,15906,15096,51225,26111,25114,23003,12057,10946,32566,16774,15792,252419,122662,129757,241207,116795,124412,129493,65883,63610,79841,40116,39725,74133,35829,38304,54667,24076,30591,31002,15906,15096,28121,14163,13958,29021,15012,14009,26718,14046,12672,22934,11721,11213,20180,10455,9725,19714,10069,9645,19815,9738,10077,20132,9854,10278,17785,8780,9005,18335,8794,9541,19234,9284,9950,18779,8971,9808,15974,7655,8319,13030,6000,7030,10500,4560,5940,7014,2891,4123,8149,2970,5179,33.8,32.0,35.7
050,36,087,New York,Rockland County,6,354829,175405,179424,33419,17152,16267,52568,26603,25965,23716,12495,11221,33315,17203,16112,256859,125369,131490,245126,119155,125971,133117,68113,65004,82056,41562,40494,73959,35805,38154,55796,24585,31211,33419,17152,16267,29166,14645,14521,29372,15105,14267,27499,14555,12944,23562,11996,11566,21296,11152,10144,20086,10364,9722,20386,10097,10289,20288,9949,10339,18362,9009,9353,17926,8660,9266,18847,9104,9743,18824,9032,9792,16222,7777,8445,13158,6055,7103,10857,4717,6140,7311,3043,4268,8248,2993,5255,33.3,31.5,35.1
050,36,087,New York,Rockland County,7,357397,176803,180594,34274,17464,16810,53023,26826,26197,23957,12634,11323,33448,17315,16133,258186,126210,131976,246143,119879,126264,133832,68661,65171,82366,41845,40521,73442,35670,37772,56887,25049,31838,34274,17464,16810,29682,15079,14603,29280,14880,14400,27901,14850,13051,23565,11966,11599,21863,11443,10420,19920,10335,9585,20380,10121,10259,20203,9946,10257,18727,9216,9511,17579,8517,9062,18517,9013,9504,18619,8924,9695,16341,7784,8557,13427,6237,7190,11222,4882,6340,7488,3081,4407,8409,3065,5344,33.1,31.4,34.9
050,36,089,New York,St. Lawrence County,1,108505,55275,53230,5456,2849,2607,11554,5942,5612,5228,2668,2560,15369,8188,7181,88870,45145,43725,86267,43816,42451,42807,22711,20096,23550,12515,11035,27618,13849,13769,19730,9264,10466,5456,2849,2607,6200,3165,3035,6694,3437,3257,9682,5072,4610,9575,5124,4451,5859,3151,2708,6167,3321,2846,6051,3197,2854,5473,2846,2627,5887,2957,2930,6617,3398,3219,7572,3735,3837,7542,3759,3783,6608,3314,3294,5111,2499,2612,3410,1635,1775,2321,1019,1302,2280,797,1483,38.8,37.3,40.5
050,36,089,New York,St. Lawrence County,2,108182,55019,53163,5426,2834,2592,11493,5913,5580,5245,2682,2563,15327,8150,7177,88626,44927,43699,86018,43590,42428,42613,22511,20102,23378,12350,11028,27486,13767,13719,19827,9323,10504,5426,2834,2592,6165,3153,3012,6665,3431,3234,9654,5043,4611,9581,5118,4463,5768,3085,2683,6116,3266,2850,6026,3176,2850,5468,2823,2645,5796,2907,2889,6582,3378,3204,7542,3713,3829,7566,3769,3797,6619,3317,3302,5181,2535,2646,3422,1647,1775,2325,1018,1307,2280,806,1474,38.9,37.4,40.5
050,36,089,New York,St. Lawrence County,3,107563,54464,53099,5310,2739,2571,11348,5831,5517,5310,2730,2580,15400,8176,7224,88224,44529,43695,85595,43164,42431,42462,22272,20190,23086,12061,11025,26907,13425,13482,20202,9502,10700,5310,2739,2571,6108,3148,2960,6574,3378,3196,9636,4990,4646,9740,5221,4519,5503,2932,2571,6051,3144,2907,6015,3178,2837,5517,2807,2710,5473,2756,2717,6510,3325,3185,7298,3570,3728,7626,3774,3852,6667,3331,3336,5497,2681,2816,3447,1671,1776,2330,1023,1307,2261,796,1465,39.0,37.6,40.6
050,36,089,New York,St. Lawrence County,4,106900,54023,52877,5151,2633,2518,11122,5755,5367,5368,2730,2638,15266,8116,7150,87943,44267,43676,85259,42905,42354,42349,22188,20161,23058,12012,11046,26345,13103,13242,20590,9674,10916,5151,2633,2518,5915,3087,2828,6550,3338,3212,9632,5001,4631,9659,5175,4484,5428,2913,2515,5932,3071,2861,6082,3177,2905,5616,2851,2765,5306,2684,2622,6429,3250,3179,7063,3470,3593,7547,3699,3848,6766,3381,3385,5443,2646,2797,3781,1797,1984,2322,1034,1288,2278,816,1462,39.3,37.8,40.9
050,36,089,New York,St. Lawrence County,5,106607,53985,52622,4982,2546,2436,10904,5634,5270,5361,2751,2610,15149,8082,7067,88052,44437,43615,85360,43054,42306,42520,22349,20171,23325,12214,11111,25816,12840,12976,21070,9918,11152,4982,2546,2436,5814,3035,2779,6405,3297,3108,9649,5001,4648,9546,5134,4412,5521,2991,2530,5911,3075,2836,6090,3184,2906,5803,2964,2839,5217,2656,2561,6341,3181,3160,6771,3352,3419,7487,3651,3836,6862,3412,3450,5560,2732,2828,3881,1816,2065,2455,1114,1341,2312,844,1468,39.5,38.1,41.1
050,36,089,New York,St. Lawrence County,6,106168,53919,52249,4889,2532,2357,10729,5554,5175,5315,2742,2573,14782,7899,6883,87924,44466,43458,85235,43091,42144,42369,22419,19950,23564,12434,11130,25327,12586,12741,21562,10172,11390,4889,2532,2357,5685,2974,2711,6336,3236,3100,9525,4968,4557,9280,5017,4263,5753,3159,2594,5788,3042,2746,6109,3210,2899,5914,3023,2891,5312,2712,2600,6062,3005,3057,6540,3278,3262,7413,3591,3822,6958,3445,3513,5679,2822,2857,4069,1890,2179,2530,1154,1376,2326,861,1465,39.8,38.3,41.5
050,36,089,New York,St. Lawrence County,7,105488,53600,51888,4829,2526,2303,10477,5411,5066,5224,2667,2557,14517,7801,6716,87646,44392,43254,84958,42996,41962,42027,22275,19752,23548,12436,11112,24815,12343,12472,22078,10416,11662,4829,2526,2303,5562,2887,2675,6177,3153,3024,9342,4866,4476,9137,4973,4164,5895,3238,2657,5576,2927,2649,6086,3173,2913,5991,3098,2893,5407,2746,2661,5724,2856,2868,6435,3259,3176,7249,3482,3767,7014,3449,3565,5887,2910,2977,4271,1995,2276,2558,1167,1391,2348,895,1453,40.1,38.5,41.9
050,36,091,New York,Saratoga County,1,235501,115522,119979,11097,5695,5402,24149,12323,11826,11494,5851,5643,18648,9474,9174,194625,94637,99988,188761,91653,97108,84041,42196,41845,56718,28306,28412,68535,33422,35113,44860,20451,24409,11097,5695,5402,13086,6691,6395,13882,7067,6815,14136,7245,6891,13187,6645,6542,13371,6813,6558,14502,7269,7233,14621,7199,7422,14224,7025,7199,15372,7513,7859,17457,8562,8895,18527,9038,9489,17179,8309,8870,14572,6931,7641,12534,5884,6650,8212,3798,4414,4868,2102,2766,4674,1736,2938,43.4,42.2,44.7
050,36,091,New York,Saratoga County,2,235815,115656,120159,11034,5656,5378,24099,12301,11798,11489,5871,5618,18674,9447,9227,195045,94817,100228,189193,91828,97365,84180,42250,41930,56836,28377,28459,68390,33348,35042,45293,20656,24637,11034,5656,5378,13045,6667,6378,13873,7079,6794,14140,7221,6919,13204,6652,6552,13352,6802,6550,14539,7288,7251,14681,7230,7451,14264,7057,7207,15203,7437,7766,17388,8518,8870,18541,9032,9509,17258,8361,8897,14706,6994,7712,12694,5949,6745,8280,3835,4445,4916,2138,2778,4697,1740,2957,43.5,42.2,44.7
050,36,091,New York,Saratoga County,3,237939,116630,121309,10822,5514,5308,23966,12257,11709,11359,5814,5545,19013,9597,9416,197524,95997,101527,191792,93045,98747,85644,42932,42712,58092,28972,29120,67843,33104,34739,46844,21372,25472,10822,5514,5308,12950,6582,6368,13836,7126,6710,14080,7112,6968,13472,6848,6624,13581,6854,6727,14804,7401,7403,15095,7437,7658,14612,7280,7332,14518,7134,7384,17292,8457,8835,18391,8965,9426,17642,8548,9094,15007,7126,7881,13364,6209,7155,8613,3983,4630,5135,2252,2883,4725,1802,2923,43.5,42.3,44.7
050,36,091,New York,Saratoga County,4,238523,116861,121662,10874,5514,5360,23616,12129,11487,11278,5741,5537,18761,9513,9248,198412,96338,102074,192755,93477,99278,85717,43068,42649,58510,29258,29252,66974,32599,34375,48510,22107,26403,10874,5514,5360,12757,6507,6250,13691,7066,6625,13967,7096,6871,13240,6714,6526,13475,6825,6650,14808,7425,7383,15370,7552,7818,14857,7456,7401,14277,7026,7251,16784,8183,8601,18030,8760,9270,17883,8630,9253,15381,7307,8074,13201,6106,7095,9699,4481,5218,5404,2365,3039,4825,1848,2977,43.7,42.5,45.0
050,36,091,New York,Saratoga County,5,238699,116987,121712,10752,5473,5279,23142,11879,11263,11232,5732,5500,18592,9426,9166,199161,96746,102415,193573,93903,99670,85811,43145,42666,58805,29438,29367,65827,32046,33781,50349,22993,27356,10752,5473,5279,12460,6363,6097,13500,6967,6533,13819,7019,6800,13187,6688,6499,13208,6728,6480,14884,7459,7425,15689,7697,7992,15024,7554,7470,14143,6978,7165,16270,7941,8329,17473,8496,8977,17941,8631,9310,15808,7554,8254,13440,6187,7253,10190,4705,5485,5948,2654,3294,4963,1893,3070,43.9,42.7,45.2
050,36,091,New York,Saratoga County,6,239834,117561,122273,10568,5418,5150,22851,11686,11165,11155,5728,5427,18603,9378,9225,200918,97613,103305,195260,94729,100531,86355,43452,42903,59297,29756,29541,65047,31768,33279,52313,23827,28486,10568,5418,5150,12181,6218,5963,13370,6878,6492,13822,6998,6824,13236,6698,6538,13178,6795,6383,15023,7507,7516,15893,7869,8024,15203,7585,7618,14459,7172,7287,15582,7616,7966,17078,8346,8732,17928,8634,9294,16342,7765,8577,13609,6294,7315,10741,4921,5820,6488,2883,3605,5133,1964,3169,44.1,42.9,45.4
050,36,091,New York,Saratoga County,7,241343,118410,122933,10454,5381,5073,22630,11531,11099,11135,5719,5416,18543,9359,9184,202817,98671,104146,197124,95779,101345,87027,43902,43125,60096,30257,29839,64284,31557,32727,54201,24606,29595,10454,5381,5073,12019,6117,5902,13358,6847,6511,13761,6999,6762,13170,6646,6524,13487,6995,6492,14996,7569,7427,16174,8007,8167,15439,7686,7753,14650,7359,7291,14974,7359,7615,16799,8189,8610,17861,8650,9211,16649,7861,8788,13960,6473,7487,11376,5188,6188,6838,2993,3845,5378,2091,3287,44.3,43.0,45.6
050,36,093,New York,Schenectady County,1,158041,76720,81321,9176,4754,4422,17076,8852,8224,7940,4165,3775,13933,7154,6779,127831,61011,66820,123849,58949,64900,60078,29666,30412,40190,19400,20790,41600,20149,21451,28126,12246,15880,9176,4754,4422,9229,4776,4453,9832,5129,4703,9876,5100,4776,10012,5166,4846,10257,5022,5235,10642,5205,5437,10024,4761,5263,9267,4412,4855,9361,4615,4746,10140,4885,5255,11350,5481,5869,10749,5168,5581,8965,4282,4683,7028,3247,3781,4782,2106,2676,3111,1240,1871,4240,1371,2869,40.0,38.3,41.5
050,36,093,New York,Schenectady County,2,157874,76689,81185,9166,4761,4405,17014,8818,8196,7925,4163,3762,13938,7140,6798,127740,61016,66724,123769,58947,64822,60144,29725,30419,40259,19465,20794,41422,20064,21358,28150,12278,15872,9166,4761,4405,9214,4760,4454,9778,5101,4677,9855,5109,4746,10030,5151,4879,10261,5029,5232,10632,5214,5418,10058,4795,5263,9308,4427,4881,9255,4550,4705,10100,4881,5219,11283,5448,5835,10784,5185,5599,8998,4302,4696,7092,3267,3825,4773,2114,2659,3097,1237,1860,4190,1358,2832,40.0,38.3,41.5
050,36,093,New York,Schenectady County,3,159796,77711,82085,9184,4765,4419,16930,8742,8188,7915,4166,3749,15525,7919,7606,129740,62132,67608,125767,60038,65729,62539,31004,31535,41058,19943,21115,40556,19651,20905,28628,12525,16103,9184,4765,4419,9224,4755,4469,9665,5011,4654,10391,5428,4963,11090,5633,5457,10408,5146,5262,10808,5282,5526,10293,4961,5332,9549,4554,4995,8858,4323,4535,9956,4854,5102,10918,5247,5671,10824,5227,5597,9131,4379,4752,7401,3370,4031,4838,2166,2672,3132,1274,1858,4126,1336,2790,39.4,37.8,40.9
050,36,093,New York,Schenectady County,4,159790,77808,81982,9219,4750,4469,16747,8739,8008,7929,4140,3789,15620,7998,7622,129873,62274,67599,125895,60179,65716,62850,31217,31633,41279,20094,21185,39864,19309,20555,29132,12778,16354,9219,4750,4469,9114,4755,4359,9611,4999,4612,10525,5521,5004,11046,5602,5444,10275,5093,5182,11046,5420,5626,10266,4975,5291,9692,4606,5086,8828,4272,4556,9798,4809,4989,10665,5128,5537,10573,5100,5473,9253,4434,4819,7423,3392,4031,5193,2320,2873,3274,1358,1916,3989,1274,2715,39.4,37.7,41.0
050,36,093,New York,Schenectady County,5,160129,78070,82059,9054,4627,4427,16785,8790,7995,7880,4103,3777,15559,8072,7487,130367,62621,67746,126410,60550,65860,63347,31591,31756,41868,20430,21438,39199,18952,20247,29784,13096,16688,9054,4627,4427,9247,4869,4378,9498,4935,4563,10548,5534,5014,10931,5627,5304,10155,5058,5097,11234,5486,5748,10587,5160,5427,9892,4726,5166,8830,4243,4587,9579,4687,4892,10214,4941,5273,10576,5081,5495,9435,4518,4917,7575,3488,4087,5399,2382,3017,3466,1452,2014,3909,1256,2653,39.4,37.8,41.0
050,36,093,New York,Schenectady County,6,161747,79037,82710,9071,4679,4392,16876,8785,8091,7935,4159,3776,15666,8164,7502,131843,63495,68348,127865,61414,66451,64548,32336,32212,42930,21068,21862,38828,18782,20046,30441,13400,17041,9071,4679,4392,9402,4909,4493,9457,4931,4526,10633,5553,5080,10985,5715,5270,10221,5114,5107,11538,5642,5896,11027,5425,5602,10144,4887,5257,8971,4298,4673,9278,4549,4729,9920,4804,5116,10659,5131,5528,9511,4524,4987,7712,3593,4119,5741,2522,3219,3606,1532,2074,3871,1229,2642,39.3,37.7,41.0
050,36,093,New York,Schenectady County,7,162581,79485,83096,9028,4683,4345,16855,8757,8098,7886,4122,3764,15586,8088,7498,132782,63974,68808,128812,61923,66889,65145,32715,32430,43584,21511,22073,38449,18602,19847,31193,13722,17471,9028,4683,4345,9411,4915,4496,9355,4848,4507,10634,5571,5063,10927,5633,5294,10322,5206,5116,11493,5656,5837,11452,5692,5760,10317,4957,5360,9211,4401,4810,9021,4435,4586,9707,4680,5027,10510,5086,5424,9654,4526,5128,7925,3715,4210,6011,2666,3345,3754,1603,2151,3849,1212,2637,39.4,37.7,41.0
050,36,095,New York,Schoharie County,1,29715,14782,14933,1348,683,665,2782,1466,1316,1286,668,618,3066,1466,1600,24953,12303,12650,24299,11965,12334,10284,5079,5205,6210,3087,3123,8474,4255,4219,6549,3157,3392,1348,683,665,1495,779,716,1565,829,736,1596,811,785,2478,1181,1297,1507,744,763,1578,812,766,1610,784,826,1515,747,768,1640,847,793,2031,1020,1011,2391,1186,1205,2412,1202,1210,2141,1073,1068,1844,897,947,1211,600,611,689,330,359,664,257,407,45.6,45.1,46.1
050,36,095,New York,Schoharie County,2,29758,14812,14946,1347,675,672,2781,1469,1312,1277,666,611,3076,1467,1609,25011,12345,12666,24353,12002,12351,10293,5094,5199,6221,3106,3115,8437,4235,4202,6619,3194,3425,1347,675,672,1481,771,710,1581,843,738,1577,802,775,2495,1186,1309,1509,750,759,1576,809,767,1625,796,829,1511,751,760,1632,833,799,2011,1014,997,2373,1179,1194,2421,1209,1212,2166,1092,1074,1851,901,950,1222,601,621,707,339,368,673,261,412,45.6,45.2,46.0
050,36,095,New York,Schoharie County,3,30147,15033,15114,1355,686,669,2794,1474,1320,1258,655,603,3274,1578,1696,25401,12559,12842,24740,12218,12522,10564,5253,5311,6340,3183,3157,8327,4185,4142,6799,3272,3527,1355,686,669,1466,749,717,1636,888,748,1521,776,745,2703,1294,1409,1497,745,752,1602,812,790,1720,858,862,1521,768,753,1568,786,782,1956,997,959,2314,1145,1169,2489,1257,1232,2221,1121,1100,1895,911,984,1247,607,640,765,365,400,671,268,403,45.2,44.6,45.6
050,36,095,New York,Schoharie County,4,30059,14940,15119,1332,670,662,2735,1417,1318,1249,675,574,3316,1601,1715,25351,12497,12854,24743,12178,12565,10648,5310,5338,6425,3234,3191,8038,4015,4023,6964,3328,3636,1332,670,662,1471,759,712,1606,858,748,1479,772,707,2744,1304,1440,1503,764,739,1606,790,816,1740,895,845,1576,785,791,1527,771,756,1842,921,921,2222,1111,1111,2447,1212,1235,2290,1138,1152,1844,865,979,1375,684,691,784,364,420,671,277,394,44.9,44.1,45.7
050,36,095,New York,Schoharie County,5,30140,14993,15147,1298,675,623,2725,1408,1317,1252,667,585,3342,1608,1734,25458,12549,12909,24865,12243,12622,10747,5398,5349,6467,3278,3189,7796,3866,3930,7260,3491,3769,1298,675,623,1480,762,718,1559,801,758,1511,821,690,2769,1299,1470,1492,758,734,1626,813,813,1727,900,827,1622,807,815,1509,748,761,1770,890,880,2127,1071,1056,2390,1157,1233,2371,1191,1180,1900,910,990,1439,699,740,857,400,457,693,291,402,45.0,44.2,45.8
050,36,095,New York,Schoharie County,6,30235,15058,15177,1242,664,578,2656,1363,1293,1305,700,605,3387,1633,1754,25704,12709,12995,25032,12331,12701,10881,5441,5440,6506,3280,3226,7602,3779,3823,7537,3639,3898,1242,664,578,1441,741,700,1532,794,738,1522,812,710,2853,1349,1504,1489,760,729,1617,799,818,1743,886,857,1657,835,822,1571,783,788,1703,881,822,2014,994,1020,2314,1121,1193,2438,1240,1198,1970,948,1022,1492,711,781,927,434,493,710,306,404,45.1,44.4,45.8
050,36,095,New York,Schoharie County,7,30176,15054,15122,1206,656,550,2612,1321,1291,1297,706,591,3311,1603,1708,25724,12734,12990,25061,12371,12690,10859,5451,5408,6564,3311,3253,7425,3730,3695,7761,3727,4034,1206,656,550,1424,714,710,1501,776,725,1515,819,696,2780,1321,1459,1485,744,741,1633,819,814,1743,897,846,1703,851,852,1595,803,792,1612,839,773,1982,983,999,2236,1105,1131,2435,1203,1232,2052,1009,1043,1579,744,835,945,445,500,750,326,424,45.3,44.5,46.1
050,36,097,New York,Schuyler County,1,17892,8901,8991,859,451,408,1722,866,856,794,414,380,1191,608,583,14906,7377,7529,14517,7170,7347,5789,2943,2846,3999,2014,1985,5254,2599,2655,4073,1949,2124,859,451,408,949,480,469,968,479,489,973,503,470,817,426,391,946,477,469,1041,550,491,1031,510,521,981,477,504,1043,535,508,1250,632,618,1454,692,762,1507,740,767,1385,684,701,1092,543,549,727,365,362,442,205,237,427,152,275,47.0,46.0,48.0
050,36,097,New York,Schuyler County,2,17863,8882,8981,852,440,412,1722,869,853,791,413,378,1187,610,577,14889,7368,7521,14498,7160,7338,5761,2930,2831,3978,2004,1974,5233,2588,2645,4100,1958,2142,852,440,412,952,483,469,965,483,482,958,497,461,825,429,396,931,474,457,1029,538,491,1032,509,523,986,483,503,1042,534,508,1242,629,613,1437,685,752,1512,740,772,1390,681,709,1110,552,558,725,362,363,441,210,231,434,153,281,47.1,46.1,48.1
050,36,097,New York,Schuyler County,3,17790,8840,8950,844,423,421,1746,896,850,773,400,373,1180,611,569,14816,7323,7493,14427,7121,7306,5712,2887,2825,3948,1976,1972,5127,2547,2580,4172,1987,2185,844,423,421,954,491,463,981,505,476,924,479,445,840,432,408,881,462,419,1038,517,521,1036,516,520,993,481,512,995,506,489,1220,622,598,1370,670,700,1542,749,793,1387,671,716,1201,595,606,729,355,374,425,211,214,430,155,275,47.1,46.1,48.1
050,36,097,New York,Schuyler County,4,17591,8736,8855,848,421,427,1692,850,842,775,394,381,1137,597,540,14665,7266,7399,14276,7071,7205,5629,2857,2772,3914,1962,1952,4968,2485,2483,4257,2027,2230,848,421,427,932,472,460,957,474,483,879,461,418,836,434,402,873,454,419,1002,500,502,1030,526,504,1009,482,527,939,483,456,1192,613,579,1318,652,666,1519,737,782,1401,677,724,1184,586,598,803,390,413,460,223,237,409,151,258,47.3,46.5,48.2
050,36,097,New York,Schuyler County,5,17441,8631,8810,816,406,410,1670,842,828,760,383,377,1113,585,528,14583,7203,7380,14195,7000,7195,5618,2855,2763,3930,1979,1951,4825,2390,2435,4327,2046,2281,816,406,410,929,468,461,926,466,460,882,456,426,806,420,386,854,452,402,1018,492,526,1054,543,511,1004,492,512,930,467,463,1158,596,562,1286,634,652,1451,693,758,1414,675,739,1188,582,606,831,400,431,474,226,248,420,163,257,47.3,46.3,48.3
050,36,097,New York,Schuyler County,6,17141,8476,8665,757,368,389,1595,800,795,747,382,365,1104,592,512,14421,7123,7298,14042,6926,7116,5459,2793,2666,3790,1912,1878,4701,2316,2385,4447,2106,2341,757,368,389,877,431,446,900,462,438,876,453,423,793,428,365,791,413,378,961,480,481,1048,533,515,990,486,504,966,489,477,1072,548,524,1254,609,645,1409,670,739,1445,701,744,1215,586,629,852,414,438,518,246,272,417,159,258,47.9,46.9,49.1
050,36,097,New York,Schuyler County,7,16924,8345,8579,727,351,376,1539,767,772,740,374,366,1069,571,498,14288,7036,7252,13918,6853,7065,5396,2768,2628,3776,1923,1853,4535,2219,2316,4538,2140,2398,727,351,376,852,427,425,876,440,436,847,433,414,773,412,361,821,425,396,914,448,466,1052,547,505,989,503,486,947,456,491,980,506,474,1210,591,619,1398,666,732,1430,698,732,1231,589,642,929,447,482,519,238,281,429,168,261,48.2,47.2,49.3
050,36,099,New York,Seneca County,1,33824,17547,16277,1806,961,845,3579,1882,1697,1597,791,806,2588,1418,1170,27624,14319,13305,26842,13913,12929,11965,6564,5401,8173,4553,3620,9317,4752,4565,6764,3190,3574,1806,961,845,1922,994,928,2050,1086,964,1907,961,946,1885,1050,835,2182,1235,947,2188,1237,951,2037,1108,929,1766,973,793,1918,997,921,2201,1139,1062,2490,1270,1220,2708,1346,1362,2260,1137,1123,1768,844,924,1180,571,609,768,360,408,788,278,510,42.5,40.7,45.0
050,36,099,New York,Seneca County,2,33445,17203,16242,1804,954,850,3576,1882,1694,1589,782,807,2528,1368,1160,27260,13981,13279,26476,13585,12891,11703,6318,5385,7973,4362,3611,9175,4641,4534,6800,3214,3586,1804,954,850,1918,995,923,2045,1081,964,1888,946,942,1842,1010,832,2096,1159,937,2130,1183,947,2001,1073,928,1746,947,799,1860,952,908,2171,1111,1060,2462,1252,1210,2682,1326,1356,2281,1151,1130,1782,853,929,1194,574,620,756,357,399,787,279,508,42.7,41.0,45.0
050,36,099,New York,Seneca County,3,33237,17057,16180,1804,931,873,3517,1876,1641,1602,778,824,2576,1414,1162,27134,13857,13277,26314,13472,12842,11771,6339,5432,7982,4342,3640,8800,4435,4365,6956,3281,3675,1804,931,873,1883,1002,881,2023,1069,954,1914,956,958,1875,1041,834,2062,1129,933,2127,1176,951,2010,1077,933,1783,960,823,1723,872,851,2103,1066,1037,2360,1208,1152,2614,1289,1325,2332,1173,1159,1879,909,970,1230,574,656,751,349,402,764,276,488,42.5,40.7,44.6
050,36,099,New York,Seneca County,4,32676,16630,16046,1774,913,861,3442,1825,1617,1647,827,820,2443,1315,1128,26624,13450,13174,25813,13065,12748,11407,6021,5386,7762,4122,3640,8493,4275,4218,7115,3353,3762,1774,913,861,1848,974,874,2039,1094,945,1883,944,939,1762,955,807,1895,1028,867,2093,1133,960,1977,1031,946,1797,930,867,1663,852,811,2007,1028,979,2250,1131,1119,2573,1264,1309,2357,1164,1193,1869,912,957,1378,647,731,768,352,416,743,278,465,42.8,41.2,44.7
050,36,099,New York,Seneca County,5,32449,16544,15905,1719,872,847,3367,1768,1599,1601,844,757,2502,1317,1185,26517,13440,13077,25762,13060,12702,11420,6105,5315,7720,4164,3556,8220,4141,4079,7320,3438,3882,1719,872,847,1816,969,847,1954,1019,935,1917,985,932,1783,956,827,1827,1009,818,2099,1163,936,1990,1054,936,1804,938,866,1620,840,780,1936,990,946,2140,1083,1057,2524,1228,1296,2381,1171,1210,1929,935,994,1446,678,768,798,369,429,766,285,481,43.0,41.2,45.1
050,36,099,New York,Seneca County,6,32671,16708,15963,1709,845,864,3349,1778,1571,1633,868,765,2578,1363,1215,26795,13644,13151,25980,13217,12763,11688,6323,5365,7885,4311,3574,7964,3997,3967,7553,3546,4007,1709,845,864,1836,988,848,1921,1009,912,1956,1022,934,1847,990,857,1839,1051,788,2130,1176,954,2088,1126,962,1828,958,870,1584,821,763,1876,953,923,2061,1042,1019,2443,1181,1262,2474,1208,1266,1975,960,1015,1483,690,793,841,383,458,780,305,475,42.7,40.8,45.0
050,36,099,New York,Seneca County,7,32883,16904,15979,1685,823,862,3354,1772,1582,1620,861,759,2561,1366,1195,27062,13900,13162,26224,13448,12776,11857,6494,5363,8049,4460,3589,7876,4002,3874,7738,3620,4118,1685,823,862,1810,962,848,1917,1003,914,1934,1032,902,1874,1002,872,1944,1130,814,2082,1170,912,2146,1166,980,1877,994,883,1672,898,774,1797,895,902,2062,1053,1009,2345,1156,1189,2465,1179,1286,2058,1003,1055,1525,710,815,908,411,497,782,317,465,42.7,40.7,45.0
050,36,101,New York,Steuben County,1,93570,46650,46920,5232,2675,2557,10330,5280,5050,4651,2448,2203,6731,3471,3260,75698,37504,38194,73357,36247,37110,31733,16113,15620,21504,10797,10707,26162,13090,13072,18960,8889,10071,5232,2675,2557,5669,2891,2778,5814,2992,2822,5569,2892,2677,4660,2424,2236,5219,2610,2609,5554,2801,2753,5579,2802,2777,5152,2584,2568,5508,2699,2809,6303,3189,3114,7198,3597,3601,7153,3605,3548,6221,3119,3102,5024,2419,2605,3355,1577,1778,2143,948,1195,2217,826,1391,43.3,42.3,44.3
050,36,101,New York,Steuben County,2,93371,46563,46808,5202,2656,2546,10305,5274,5031,4640,2430,2210,6740,3482,3258,75551,37440,38111,73224,36203,37021,31711,16114,15597,21487,10802,10685,26025,13016,13009,18972,8903,10069,5202,2656,2546,5636,2877,2759,5825,2997,2828,5529,2876,2653,4695,2436,2259,5190,2610,2580,5571,2794,2777,5542,2788,2754,5184,2610,2574,5418,2652,2766,6276,3176,3100,7148,3578,3570,7183,3610,3573,6216,3125,3091,5065,2431,2634,3335,1573,1762,2154,952,1202,2202,822,1380,43.3,42.3,44.3
050,36,101,New York,Steuben County,3,93060,46390,46670,5146,2636,2510,10258,5277,4981,4625,2370,2255,6740,3517,3223,75316,37282,38034,73031,36107,36924,31783,16156,15627,21595,10866,10729,25334,12625,12709,19362,9099,10263,5146,2636,2510,5599,2873,2726,5836,3001,2835,5355,2799,2556,4833,2491,2342,5116,2620,2496,5640,2767,2873,5469,2760,2709,5370,2719,2651,5079,2491,2588,6131,3070,3061,6880,3463,3417,7244,3601,3643,6250,3158,3092,5304,2555,2749,3377,1572,1805,2253,997,1256,2178,817,1361,43.2,42.3,44.3
050,36,101,New York,Steuben County,4,92427,46098,46329,5079,2652,2427,10100,5196,4904,4678,2406,2272,6737,3511,3226,74862,37025,37837,72570,35844,36726,31723,16106,15617,21505,10807,10698,24668,12286,12382,19660,9240,10420,5079,2652,2427,5480,2843,2637,5817,2971,2846,5347,2800,2547,4871,2499,2372,4957,2555,2402,5644,2751,2893,5487,2788,2699,5417,2713,2704,4992,2490,2502,5915,2923,2992,6694,3358,3336,7067,3515,3552,6314,3182,3132,5305,2587,2718,3660,1681,1979,2252,977,1275,2129,813,1316,43.2,42.2,44.3
050,36,101,New York,Steuben County,5,92078,45871,46207,4970,2597,2373,10080,5175,4905,4638,2377,2261,6688,3468,3220,74711,36895,37816,72390,35722,36668,31695,16070,15625,21480,10799,10681,24063,11965,12098,20159,9490,10669,4970,2597,2373,5425,2819,2606,5766,2930,2836,5381,2780,2601,4834,2491,2343,4957,2579,2378,5575,2730,2845,5413,2721,2692,5535,2769,2766,4989,2496,2493,5732,2800,2932,6379,3199,3180,6963,3470,3493,6467,3277,3190,5419,2644,2775,3782,1743,2039,2353,1001,1352,2138,825,1313,43.3,42.3,44.3
050,36,101,New York,Steuben County,6,91939,45784,46155,4795,2524,2271,9997,5100,4897,4736,2436,2300,6671,3460,3211,74814,36943,37871,72411,35724,36687,31648,16025,15623,21461,10766,10695,23634,11783,11851,20645,9715,10930,4795,2524,2271,5386,2788,2598,5831,2949,2882,5382,2779,2603,4805,2480,2325,4941,2563,2378,5450,2687,2763,5482,2731,2751,5588,2785,2803,5097,2593,2504,5506,2686,2820,6136,3088,3048,6895,3416,3479,6555,3309,3246,5515,2719,2796,3954,1817,2137,2444,1047,1397,2177,823,1354,43.5,42.5,44.5
050,36,101,New York,Steuben County,7,91855,45811,46044,4715,2475,2240,9931,5078,4853,4726,2431,2295,6647,3458,3189,74803,37025,37778,72483,35827,36656,31724,16134,15590,21545,10845,10700,23144,11586,11558,21147,9938,11209,4715,2475,2240,5392,2766,2626,5733,2912,2821,5434,2819,2615,4745,2470,2275,5069,2629,2440,5263,2598,2665,5586,2791,2795,5627,2827,2800,5152,2626,2526,5294,2593,2701,5984,3015,2969,6714,3352,3362,6649,3314,3335,5608,2794,2814,4197,1916,2281,2506,1095,1411,2187,819,1368,43.6,42.6,44.6
050,36,103,New York,Suffolk County,1,1525920,746969,778951,77977,39683,38294,156373,79480,76893,81852,42275,39577,141030,73086,67944,1251554,607179,644375,1209718,585531,624187,565083,285932,279151,361895,180733,181162,437221,212647,224574,269572,119065,150507,77977,39683,38294,81779,41440,40339,94288,48202,46086,103571,53304,50267,99617,51895,47722,91904,47163,44741,90248,45352,44896,89059,43923,45136,90684,44295,46389,97292,47195,50097,112469,54520,57949,120886,58976,61910,106574,51956,54618,83063,39738,43325,69409,31579,37830,49547,21735,27812,32314,13402,18912,35239,12611,22628,41.9,40.3,43.4
050,36,103,New York,Suffolk County,2,1521964,745081,776883,78035,39687,38348,155503,79029,76474,81577,42119,39458,140725,72847,67878,1248585,605841,642744,1206849,584246,622603,564920,285898,279022,362278,181059,181219,435525,211734,223791,268321,118606,149715,78035,39687,38348,81518,41308,40210,93645,47848,45797,102722,52864,49858,99920,51975,47945,92097,47320,44777,90425,45467,44958,89035,43926,45109,90721,44346,46375,96398,46805,49593,111691,54103,57588,120469,58737,61732,106967,52089,54878,83396,39860,43536,69466,31573,37893,49372,21650,27722,32020,13264,18756,34067,12259,21808,41.8,40.2,43.4
050,36,103,New York,Suffolk County,3,1533742,750907,782835,78095,39678,38417,153157,77782,75375,80367,41357,39010,144493,74489,70004,1263266,613329,649937,1222123,592090,630033,576528,292071,284457,371111,186189,184922,430560,209308,221252,275959,122104,153855,78095,39678,38417,81308,41159,40149,91292,46587,44705,102414,52432,49982,103003,53450,49553,94690,48806,45884,93846,47379,46467,90563,44851,45712,92012,45153,46859,92967,45378,47589,109571,53010,56561,118510,57621,60889,109512,53299,56213,85942,41165,44777,71779,32707,39072,50491,22144,28347,32969,13623,19346,34778,12465,22313,41.7,40.1,43.3
050,36,103,New York,Suffolk County,4,1531736,750066,781670,78947,40099,38848,151445,76982,74463,78890,40260,38630,142873,73859,69014,1262679,613305,649374,1222454,592725,629729,575739,292144,283595,373120,187728,185392,423284,205615,217669,283177,125523,157654,78947,40099,38848,81643,41381,40262,88946,45304,43642,101144,51659,49485,101475,52757,48718,94846,48715,46131,95133,48469,46664,91032,45184,45848,92109,45360,46749,91273,44482,46791,105876,51330,54546,115838,56148,59690,110297,53655,56642,88435,42256,46179,70462,32328,38134,54506,24002,30504,34580,14328,20252,35194,12609,22585,41.8,40.2,43.3
050,36,103,New York,Suffolk County,5,1533173,750928,782245,80025,40611,39414,150327,76493,73834,77497,39439,38058,141468,73030,68438,1265188,614730,650458,1225324,594385,630939,576436,292850,283586,375868,189740,186128,416694,202263,214431,291294,129352,161942,80025,40611,39414,82173,41668,40505,86551,44184,42367,100461,51149,49312,100107,51961,48146,96467,49675,46792,95463,48953,46510,91732,45702,46030,92206,45410,46796,90967,44366,46601,102330,49546,52784,112437,54428,58009,110960,53923,57037,91111,43478,47633,71069,32761,38308,55979,24779,31200,36963,15259,21704,36172,13075,23097,41.8,40.2,43.4
050,36,103,New York,Suffolk County,6,1543330,756378,786952,81187,41356,39831,150757,76481,74276,76143,38730,37413,140837,72569,68268,1274866,619961,654905,1235243,599811,635432,581799,296043,285756,382866,193939,188927,410875,199461,211414,300665,133842,166823,81187,41356,39831,83364,42153,41211,85440,43523,41917,99435,50591,48844,99498,51513,47985,99756,51423,48333,96380,49605,46775,93934,47171,46763,92796,45740,47056,91023,44434,46589,98636,47876,50760,109444,52940,56504,111772,54211,57561,94241,45118,49123,72582,33584,38998,58029,25671,32358,38625,15906,22719,37188,13563,23625,41.8,40.1,43.4
050,36,103,New York,Suffolk County,7,1546090,757771,788319,81341,41498,39843,150433,76230,74203,73759,37481,36278,137693,70908,66785,1278779,621868,656911,1240557,602562,637995,581621,296042,285579,387680,196656,191024,404939,196655,208284,310245,138343,171902,81341,41498,39843,83529,42376,41153,84415,42857,41558,97045,49248,47797,96896,50138,46758,102682,52767,49915,96529,49671,46858,95989,48572,47417,92480,45646,46834,91618,44723,46895,94978,46277,48701,106803,51556,55247,111540,54099,57441,96991,46430,50561,74866,34882,39984,60209,26559,33650,39916,16497,23419,38263,13975,24288,41.9,40.2,43.5
050,36,105,New York,Sullivan County,1,78618,40487,38131,4471,2324,2147,8587,4427,4160,3848,2075,1773,6355,3372,2983,63674,32732,30942,61712,31661,30051,27910,14584,13326,18648,9629,9019,22045,11535,10510,14664,7125,7539,4471,2324,2147,4626,2343,2283,4902,2576,2326,4618,2482,2136,4644,2473,2171,4544,2316,2228,4781,2416,2365,4764,2447,2317,4559,2450,2109,4539,2366,2173,5357,2762,2595,6197,3263,2934,5952,3144,2808,5000,2560,2440,4058,2013,2045,2630,1265,1365,1608,769,839,1368,518,850,42.0,41.6,42.5
050,36,105,New York,Sullivan County,2,78461,40366,38095,4473,2331,2142,8571,4423,4148,3876,2080,1796,6351,3361,2990,63508,32601,30907,61541,31532,30009,27920,14562,13358,18654,9621,9033,21880,11426,10454,14656,7124,7532,4473,2331,2142,4635,2355,2280,4897,2568,2329,4608,2475,2133,4658,2466,2192,4526,2321,2205,4767,2401,2366,4775,2445,2330,4586,2454,2132,4480,2337,2143,5299,2725,2574,6154,3228,2926,5947,3136,2811,5019,2566,2453,4061,2015,2046,2635,1266,1369,1596,765,831,1345,512,833,41.9,41.5,42.4
050,36,105,New York,Sullivan County,3,79745,40963,38782,4546,2317,2229,8593,4446,4147,3967,2087,1880,6387,3394,2993,64602,33166,31436,62639,32113,30526,28793,14984,13809,19461,10020,9441,21769,11355,10414,15022,7344,7678,4546,2317,2229,4693,2395,2298,4922,2568,2354,4599,2470,2129,4733,2494,2239,4555,2363,2192,5058,2560,2498,4981,2527,2454,4867,2570,2297,4409,2321,2088,5265,2712,2553,6037,3133,2904,6058,3189,2869,5106,2619,2487,4228,2109,2119,2695,1295,1400,1668,798,870,1325,523,802,41.7,41.5,42.1
050,36,105,New York,Sullivan County,4,79868,41134,38734,4720,2449,2271,8425,4324,4101,4029,2123,1906,6373,3345,3028,64679,33294,31385,62694,32238,30456,29053,15107,13946,19675,10173,9502,21304,11172,10132,15342,7548,7794,4720,2449,2271,4685,2375,2310,4764,2483,2281,4700,2498,2202,4678,2436,2242,4520,2376,2144,5126,2599,2527,5002,2577,2425,5027,2621,2406,4357,2327,2030,5108,2664,2444,5841,3029,2812,5998,3152,2846,5190,2699,2491,4205,2092,2113,2911,1412,1499,1729,821,908,1307,524,783,41.7,41.4,41.9
050,36,105,New York,Sullivan County,5,80413,41283,39130,4827,2465,2362,8400,4268,4132,4112,2175,1937,6329,3292,3037,65165,33475,31690,63074,32375,30699,29336,15237,14099,19888,10305,9583,21026,10983,10043,15831,7795,8036,4827,2465,2362,4609,2339,2270,4784,2464,2320,4818,2538,2280,4630,2394,2236,4560,2444,2116,5099,2592,2507,5110,2595,2515,5119,2674,2445,4453,2329,2124,4971,2594,2377,5674,2943,2731,5928,3117,2811,5291,2758,2533,4301,2141,2160,3039,1476,1563,1833,854,979,1367,566,801,41.7,41.5,42.0
050,36,105,New York,Sullivan County,6,80901,41578,39323,4920,2510,2410,8358,4263,4095,4060,2128,1932,6344,3277,3067,65696,33766,31930,63563,32677,30886,29548,15366,14182,20072,10468,9604,20861,10913,9948,16286,8019,8267,4920,2510,2410,4557,2351,2206,4729,2419,2310,4842,2515,2327,4634,2383,2251,4640,2513,2127,5050,2591,2459,5233,2716,2517,5149,2648,2501,4621,2448,2173,4893,2550,2343,5400,2833,2567,5947,3082,2865,5403,2807,2596,4366,2185,2181,3212,1548,1664,1900,895,1005,1405,584,821,41.8,41.5,42.1
050,36,105,New York,Sullivan County,7,80586,41204,39382,4873,2468,2405,8362,4253,4109,3938,2094,1844,6397,3284,3113,65477,33476,32001,63413,32389,31024,29329,15199,14130,19922,10308,9614,20418,10596,9822,16676,8201,8475,4873,2468,2405,4567,2371,2196,4723,2369,2354,4795,2532,2263,4612,2359,2253,4588,2453,2135,4975,2567,2408,5236,2658,2578,5123,2630,2493,4651,2421,2230,4614,2383,2231,5281,2751,2530,5872,3041,2831,5417,2797,2620,4407,2196,2211,3403,1666,1737,1951,904,1047,1498,638,860,41.9,41.5,42.3
050,36,107,New York,Tioga County,1,48456,24110,24346,2313,1188,1125,5382,2772,2610,2547,1293,1254,3502,1854,1648,39502,19516,19986,38214,18857,19357,16186,8301,7885,10747,5471,5276,14077,6952,7125,9888,4580,5308,2313,1188,1125,2885,1470,1415,3107,1619,1488,2928,1507,1421,2511,1323,1188,2477,1295,1182,2716,1350,1366,2841,1450,1391,2713,1376,1337,2717,1366,1351,3270,1622,1648,3957,1929,2028,4133,2035,2098,3134,1558,1576,2534,1186,1348,1822,867,955,1196,515,681,1202,454,748,44.5,43.0,46.0
050,36,107,New York,Tioga County,2,48352,24072,24280,2304,1183,1121,5348,2753,2595,2559,1294,1265,3498,1855,1643,39429,19494,19935,38141,18842,19299,16188,8304,7884,10758,5479,5279,13974,6900,7074,9911,4608,5303,2304,1183,1121,2866,1460,1406,3109,1617,1492,2933,1507,1426,2497,1318,1179,2477,1296,1181,2723,1362,1361,2842,1445,1397,2716,1376,1340,2699,1360,1339,3230,1597,1633,3939,1927,2012,4106,2016,2090,3171,1583,1588,2561,1205,1356,1812,862,950,1182,512,670,1185,446,739,44.4,43.0,45.9
050,36,107,New York,Tioga County,3,48097,23975,24122,2253,1168,1085,5158,2631,2527,2556,1301,1255,3483,1860,1623,39400,19512,19888,38130,18875,19255,16215,8366,7849,10845,5552,5293,13545,6671,6874,10257,4792,5465,2253,1168,1085,2745,1380,1365,3082,1598,1484,2916,1514,1402,2454,1300,1154,2485,1308,1177,2730,1380,1350,2887,1446,1441,2743,1418,1325,2643,1342,1301,3065,1499,1566,3786,1870,1916,4051,1960,2091,3324,1656,1668,2671,1284,1387,1810,847,963,1212,543,669,1240,462,778,44.5,43.1,46.0
050,36,107,New York,Tioga County,4,47724,23770,23954,2332,1219,1113,5005,2528,2477,2502,1304,1198,3487,1853,1634,39124,19345,19779,37885,18719,19166,16256,8403,7853,10877,5576,5301,13044,6417,6627,10477,4873,5604,2332,1219,1113,2658,1327,1331,2957,1531,1426,2908,1516,1392,2471,1311,1160,2452,1288,1164,2753,1375,1378,2926,1472,1454,2746,1441,1305,2612,1325,1287,2940,1454,1486,3531,1725,1806,3961,1913,2048,3484,1718,1766,2614,1274,1340,1925,879,1046,1198,545,653,1256,457,799,44.3,42.9,45.9
050,36,107,New York,Tioga County,5,47606,23642,23964,2332,1193,1139,4895,2486,2409,2541,1327,1214,3468,1823,1645,39124,19309,19815,37838,18636,19202,16304,8400,7904,10939,5579,5360,12617,6193,6424,10814,5041,5773,2332,1193,1139,2595,1329,1266,2944,1486,1458,2893,1519,1374,2472,1302,1170,2473,1285,1188,2771,1402,1369,2866,1434,1432,2829,1458,1371,2613,1322,1291,2822,1409,1413,3302,1596,1706,3880,1866,2014,3609,1789,1820,2612,1281,1331,2009,903,1106,1290,601,689,1294,467,827,44.3,43.0,45.9
050,36,107,New York,Tioga County,6,47545,23579,23966,2300,1150,1150,4884,2481,2403,2435,1248,1187,3444,1838,1606,39183,19368,19815,37926,18700,19226,16329,8435,7894,10999,5612,5387,12371,6083,6288,11112,5167,5945,2300,1150,1150,2568,1290,1278,2865,1454,1411,2864,1498,1366,2466,1325,1141,2510,1348,1162,2767,1386,1381,2866,1429,1437,2856,1449,1407,2676,1366,1310,2688,1336,1352,3200,1557,1643,3807,1824,1983,3683,1818,1865,2682,1318,1364,2116,924,1192,1345,638,707,1286,469,817,44.5,43.2,46.0
050,36,107,New York,Tioga County,7,47453,23518,23935,2267,1123,1144,4792,2430,2362,2387,1206,1181,3484,1879,1605,39252,19397,19855,38007,18759,19248,16324,8407,7917,11028,5616,5412,12095,5964,6131,11400,5300,6100,2267,1123,1144,2501,1262,1239,2866,1462,1404,2808,1455,1353,2488,1336,1152,2590,1393,1197,2676,1348,1328,2916,1453,1463,2846,1422,1424,2731,1397,1334,2612,1315,1297,3063,1488,1575,3689,1764,1925,3705,1810,1895,2815,1390,1425,2184,971,1213,1381,634,747,1315,495,820,44.6,43.2,45.9
050,36,109,New York,Tompkins County,1,105735,52059,53676,3791,1965,1826,7864,4033,3831,3965,1991,1974,27088,13921,13167,92292,45131,47161,90115,44070,46045,55781,28162,27619,25587,12689,12898,21342,10140,11202,16098,7320,8778,3791,1965,1826,4365,2216,2149,4358,2256,2102,10519,5145,5374,19675,10328,9347,8345,4249,4096,6673,3343,3330,5613,2688,2925,4956,2409,2547,4863,2289,2574,5212,2590,2622,5556,2605,2951,5711,2656,3055,5533,2612,2921,4300,2066,2234,2704,1227,1477,1564,705,859,1997,710,1287,31.2,29.8,32.9
050,36,109,New York,Tompkins County,2,105508,51959,53549,3756,1945,1811,7824,4012,3812,3904,1966,1938,27460,14126,13334,92160,45082,47078,90024,44036,45988,55780,28169,27611,25271,12518,12753,21051,10019,11032,16242,7373,8869,3756,1945,1811,4333,2199,2134,4346,2254,2092,10435,5133,5302,20074,10518,9556,8117,4123,3994,6608,3313,3295,5588,2678,2910,4958,2404,2554,4784,2261,2523,5147,2556,2591,5480,2575,2905,5640,2627,3013,5549,2618,2931,4345,2077,2268,2728,1242,1486,1595,719,876,2025,717,1308,31.1,29.8,32.8
050,36,109,New York,Tompkins County,3,102567,50383,52184,3656,1950,1706,7637,3896,3741,3685,1889,1796,24649,12650,11999,89570,43646,45924,87589,42648,44941,52863,26593,26270,25379,12511,12868,20752,9892,10860,16809,7595,9214,3656,1950,1706,4221,2146,2075,4266,2207,2059,8965,4477,4488,18519,9605,8914,7789,3920,3869,6603,3309,3294,5761,2785,2976,5226,2497,2729,4701,2244,2457,5082,2512,2570,5394,2532,2862,5575,2604,2971,5577,2610,2967,4633,2162,2471,2842,1327,1515,1719,772,947,2038,724,1314,32.8,31.2,34.5
050,36,109,New York,Tompkins County,4,104177,51371,52806,3432,1811,1621,7413,3811,3602,3740,1884,1856,27231,14244,12987,91552,44815,46737,89592,43865,45727,54886,27827,27059,24828,12178,12650,20376,9696,10680,17157,7747,9410,3432,1811,1621,4073,2079,1994,4253,2211,2042,9982,4936,5046,20076,10713,9363,7301,3625,3676,6524,3292,3232,5617,2670,2947,5386,2591,2795,4686,2199,2487,4978,2478,2500,5272,2491,2781,5440,2528,2912,5444,2538,2906,4697,2191,2506,3138,1457,1681,1808,822,986,2070,739,1331,32.1,30.4,34.0
050,36,109,New York,Tompkins County,5,104453,51482,52971,3340,1779,1561,7081,3611,3470,3804,1893,1911,28392,14970,13422,92228,45146,47082,90228,44199,46029,55660,28270,27390,24326,11858,12468,19922,9451,10471,17588,7920,9668,3340,1779,1561,3807,1910,1897,4136,2152,1984,10505,5183,5322,20829,11229,9600,6897,3346,3551,6399,3238,3161,5548,2628,2920,5482,2646,2836,4716,2230,2486,4850,2393,2457,5076,2394,2682,5280,2434,2846,5359,2485,2874,4869,2287,2582,3330,1526,1804,1948,862,1086,2082,760,1322,32.1,30.2,33.9
050,36,109,New York,Tompkins County,6,104394,51401,52993,3299,1779,1520,6920,3511,3409,3837,1913,1924,29017,15348,13669,92433,45208,47225,90338,44198,46140,55818,28367,27451,23807,11547,12260,19602,9281,10321,17912,8022,9890,3299,1779,1520,3665,1847,1818,4098,2105,1993,10737,5261,5476,21274,11559,9715,6460,3117,3343,6303,3136,3167,5581,2674,2907,5463,2620,2843,4773,2253,2520,4710,2281,2429,4865,2361,2504,5254,2386,2868,5194,2373,2821,4979,2339,2640,3590,1636,1954,2050,895,1155,2099,779,1320,32.1,30.0,34.1
050,36,109,New York,Tompkins County,7,104047,51281,52766,3241,1748,1493,6756,3461,3295,3794,1881,1913,29155,15477,13678,92364,45209,47155,90256,44191,46065,55663,28364,27299,23532,11429,12103,19262,9153,10109,18307,8132,10175,3241,1748,1493,3521,1792,1729,4053,2092,1961,10782,5255,5527,21349,11680,9669,6537,3209,3328,6051,2978,3073,5545,2700,2845,5399,2542,2857,4897,2318,2579,4547,2231,2316,4796,2313,2483,5022,2291,2731,5142,2339,2803,5012,2312,2700,3832,1741,2091,2178,948,1230,2143,792,1351,32.1,29.8,34.4
050,36,111,New York,Ulster County,1,181835,90171,91664,7801,4102,3699,16377,8295,8082,8196,4206,3990,16102,7926,8176,153698,75762,77936,149461,73568,75893,65570,33257,32313,43257,22110,21147,52989,26452,26537,37113,17080,20033,7801,4102,3699,8595,4269,4326,9767,5011,4756,10200,5242,4958,12113,5905,6208,10432,5405,5027,11026,5680,5346,11191,5702,5489,10608,5323,5285,11127,5595,5532,12845,6495,6350,14633,7303,7330,14384,7059,7325,12296,6035,6261,10146,4807,5339,6603,3010,3593,3973,1703,2270,4095,1525,2570,44.6,43.5,45.7
050,36,111,New York,Ulster County,2,181304,89761,91543,7767,4093,3674,16259,8230,8029,8215,4219,3996,16068,7889,8179,153299,75415,77884,149063,73219,75844,65435,33090,32345,43150,21987,21163,52582,26206,26376,37263,17137,20126,7767,4093,3674,8529,4257,4272,9728,4978,4750,10139,5200,4939,12146,5903,6243,10356,5364,4992,11029,5642,5387,11129,5676,5453,10636,5305,5331,10968,5499,5469,12723,6411,6312,14533,7255,7278,14358,7041,7317,12337,6031,6306,10274,4870,5404,6636,3029,3607,3983,1705,2278,4033,1502,2531,44.6,43.5,45.7
050,36,111,New York,Ulster County,3,183636,90588,93048,7841,4064,3777,15841,8021,7820,8181,4221,3960,16921,8170,8751,155924,76434,79490,151773,74282,77491,67911,34034,33877,44832,22699,22133,51635,25759,25876,38385,17654,20731,7841,4064,3777,8332,4267,4065,9532,4810,4722,10120,5157,4963,12959,6178,6781,10466,5390,5076,11704,5887,5817,11458,5911,5547,11204,5511,5693,10559,5340,5219,12526,6313,6213,14155,7077,7078,14395,7029,7366,12513,6086,6427,10872,5152,5720,6826,3143,3683,4088,1738,2350,4086,1535,2551,44.2,43.3,45.1
050,36,111,New York,Ulster County,4,182546,90110,92436,7756,3984,3772,15233,7762,7471,8044,4200,3844,16741,8075,8666,155548,76251,79297,151513,74164,77349,67742,34010,33732,44923,22772,22151,50381,25210,25171,39468,18107,21361,7756,3984,3772,8094,4206,3888,9105,4593,4512,10064,5151,4913,12755,6087,6668,10288,5397,4891,11714,5848,5866,11535,5920,5615,11386,5607,5779,10402,5291,5111,12188,6134,6054,13547,6798,6749,14244,6987,7257,12703,6192,6511,10777,5073,5704,7508,3442,4066,4371,1856,2515,4109,1544,2565,44.3,43.4,45.3
050,36,111,New York,Ulster County,5,182956,90426,92530,7776,3977,3799,14865,7544,7321,7929,4156,3773,16757,8059,8698,156529,76905,79624,152386,74749,77637,68372,34438,33934,45471,23151,22320,49544,24873,24671,40614,18666,21948,7776,3977,3799,7987,4134,3853,8663,4338,4325,10048,5202,4846,12853,6085,6768,10434,5529,4905,11592,5804,5788,11722,6005,5717,11723,5813,5910,10493,5342,5151,11860,5977,5883,13002,6545,6457,14189,7009,7180,12876,6256,6620,10830,5123,5707,7929,3638,4291,4765,2053,2712,4214,1596,2618,44.4,43.5,45.3
050,36,111,New York,Ulster County,6,183095,90416,92679,7621,3840,3781,14555,7429,7126,7742,4079,3663,16707,7962,8745,157376,77332,80044,153177,75068,78109,68675,34622,34053,45959,23442,22517,48698,24404,24294,41813,19260,22553,7621,3840,3781,7841,4088,3753,8447,4202,4245,9883,5170,4713,12833,6010,6823,10518,5532,4986,11431,5776,5655,12067,6111,5956,11943,6023,5920,10806,5463,5343,11339,5705,5634,12652,6351,6301,13901,6885,7016,13105,6322,6783,10971,5233,5738,8355,3858,4497,5050,2189,2861,4332,1658,2674,44.6,43.6,45.4
050,36,111,New York,Ulster County,7,183330,90612,92718,7499,3775,3724,14248,7337,6911,7527,3900,3627,16501,7949,8552,158033,77752,80281,154056,75600,78456,68764,34692,34072,46524,23706,22818,48040,24113,23927,42991,19832,23159,7499,3775,3724,7718,4034,3684,8318,4166,4152,9686,5042,4644,12554,5944,6610,10643,5560,5083,11186,5633,5553,12581,6365,6216,12114,6148,5966,11036,5558,5478,10982,5542,5440,12325,6227,6098,13697,6786,6911,13302,6391,6911,11146,5302,5844,8781,4081,4700,5336,2379,2957,4426,1679,2747,44.7,43.8,45.6
050,36,113,New York,Warren County,1,65730,32266,33464,2825,1450,1375,5931,3056,2875,2964,1569,1395,4578,2351,2227,55513,27001,28512,54010,26191,27819,21619,11004,10615,14797,7459,7338,19387,9365,10022,15248,7016,8232,2825,1450,1375,3215,1649,1566,3436,1782,1654,3625,1869,1756,3197,1676,1521,3715,1861,1854,3907,1993,1914,3720,1859,1861,3455,1746,1709,3813,1832,1981,4747,2358,2389,5488,2605,2883,5339,2570,2769,4984,2444,2540,4112,1952,2160,2742,1274,1468,1728,751,977,1682,595,1087,47.6,45.7,49.1
050,36,113,New York,Warren County,2,65597,32203,33394,2781,1421,1360,5921,3057,2864,2945,1549,1396,4587,2363,2224,55455,26981,28474,53950,26176,27774,21603,10982,10621,14775,7434,7341,19284,9312,9972,15304,7067,8237,2781,1421,1360,3205,1652,1553,3420,1769,1651,3623,1864,1759,3205,1684,1521,3666,1837,1829,3937,2007,1930,3727,1856,1871,3445,1734,1711,3746,1811,1935,4722,2334,2388,5465,2597,2868,5351,2570,2781,4986,2443,2543,4174,1991,2183,2744,1271,1473,1735,763,972,1665,599,1066,47.6,45.8,49.1
050,36,113,New York,Warren County,3,65762,32337,33425,2739,1376,1363,5838,3006,2832,2864,1492,1372,4607,2405,2202,55801,27232,28569,54321,26463,27858,21823,11137,10686,15029,7586,7443,18929,9168,9761,15756,7304,8452,2739,1376,1363,3127,1613,1514,3388,1739,1649,3580,1847,1733,3214,1704,1510,3565,1788,1777,4092,2101,1991,3885,1934,1951,3487,1763,1724,3511,1743,1768,4613,2241,2372,5317,2557,2760,5488,2627,2861,5034,2453,2581,4465,2161,2304,2793,1274,1519,1795,810,985,1669,606,1063,47.7,45.9,49.3
050,36,113,New York,Warren County,4,65461,32125,33336,2718,1382,1336,5752,2969,2783,2758,1442,1316,4587,2371,2216,55633,27073,28560,54233,26332,27901,21654,10994,10660,15007,7544,7463,18418,8901,9517,16221,7516,8705,2718,1382,1336,3101,1608,1493,3349,1724,1625,3462,1791,1671,3185,1659,1526,3528,1782,1746,4021,2027,1994,3919,1920,1999,3539,1815,1724,3404,1692,1712,4454,2150,2304,5082,2448,2634,5478,2611,2867,5130,2471,2659,4433,2149,2284,3124,1435,1689,1858,837,1021,1676,624,1052,47.8,46.1,49.6
050,36,113,New York,Warren County,5,65467,32150,33317,2709,1374,1335,5713,2938,2775,2728,1422,1306,4600,2388,2212,55674,27132,28542,54317,26416,27901,21689,11056,10633,15025,7590,7435,17904,8642,9262,16788,7796,8992,2709,1374,1335,3084,1593,1491,3293,1689,1604,3436,1770,1666,3228,1696,1532,3444,1798,1646,3996,1945,2051,3914,1959,1955,3671,1888,1783,3329,1661,1668,4297,2050,2247,4883,2385,2498,5395,2546,2849,5208,2512,2696,4583,2206,2377,3255,1513,1742,2009,928,1081,1733,637,1096,47.9,46.1,49.8
050,36,113,New York,Warren County,6,65261,32023,33238,2677,1328,1349,5584,2869,2715,2673,1376,1297,4504,2367,2137,55662,27141,28521,54327,26450,27877,21542,10983,10559,15022,7582,7440,17503,8456,9047,17298,8045,9253,2677,1328,1349,3012,1545,1467,3229,1666,1563,3321,1704,1617,3199,1697,1502,3407,1760,1647,3880,1934,1946,3974,1977,1997,3761,1911,1850,3358,1686,1672,4001,1921,2080,4819,2350,2469,5325,2499,2826,5232,2513,2719,4665,2266,2399,3495,1632,1863,2091,940,1151,1815,694,1121,48.2,46.5,50.0
050,36,113,New York,Warren County,7,65020,31861,33159,2607,1276,1331,5449,2788,2661,2661,1371,1290,4451,2340,2111,55652,27113,28539,54303,26426,27877,21450,10915,10535,15007,7547,7460,17092,8264,8828,17753,8275,9478,2607,1276,1331,2951,1512,1439,3167,1619,1548,3228,1647,1581,3215,1721,1494,3380,1751,1629,3733,1836,1897,4030,2035,1995,3864,1925,1939,3418,1709,1709,3747,1796,1951,4656,2269,2387,5271,2490,2781,5283,2540,2743,4688,2285,2403,3700,1728,1972,2159,955,1204,1923,767,1156,48.4,46.7,50.1
050,36,115,New York,Washington County,1,61303,31654,29649,2787,1390,1397,6148,3192,2956,2819,1473,1346,4346,2424,1922,50931,26324,24607,49549,25599,23950,21231,11621,9610,14780,8076,6704,17961,9222,8739,12462,5877,6585,2787,1390,1397,3265,1719,1546,3597,1825,1772,3336,1803,1533,3115,1742,1373,3624,2013,1611,3981,2137,1844,3658,2022,1636,3517,1904,1613,3692,1962,1730,4507,2298,2209,4986,2542,2444,4776,2420,2356,4077,2063,2014,3277,1593,1684,2258,1093,1165,1431,642,789,1419,486,933,44.7,43.0,46.5
050,36,115,New York,Washington County,2,61127,31535,29592,2790,1393,1397,6108,3172,2936,2808,1467,1341,4321,2410,1911,50798,26229,24569,49421,25503,23918,21139,11545,9594,14720,8023,6697,17838,9146,8692,12542,5924,6618,2790,1393,1397,3241,1701,1540,3577,1826,1751,3306,1787,1519,3113,1735,1378,3576,1979,1597,3983,2137,1846,3647,2003,1644,3514,1904,1610,3642,1937,1705,4460,2277,2183,4964,2517,2447,4772,2415,2357,4114,2084,2030,3305,1613,1692,2271,1093,1178,1434,647,787,1418,487,931,44.7,43.1,46.6
050,36,115,New York,Washington County,3,60924,31423,29501,2732,1387,1345,6026,3130,2896,2804,1469,1335,4343,2459,1884,50750,26181,24569,49362,25437,23925,21228,11575,9653,14781,8003,6778,17384,8896,8488,12854,6079,6775,2732,1387,1345,3189,1661,1528,3537,1825,1712,3277,1790,1487,3170,1782,1388,3487,1934,1553,4012,2123,1889,3716,2016,1700,3566,1930,1636,3504,1870,1634,4263,2193,2070,4841,2434,2407,4776,2399,2377,4235,2138,2097,3403,1673,1730,2333,1114,1219,1442,664,778,1441,490,951,44.7,43.1,46.6
050,36,115,New York,Washington County,4,60808,31292,29516,2767,1414,1353,5902,3057,2845,2874,1474,1400,4250,2397,1853,50698,26099,24599,49265,25347,23918,21142,11512,9630,14738,7991,6747,17117,8744,8373,13160,6215,6945,2767,1414,1353,3108,1598,1510,3514,1809,1705,3279,1768,1511,3125,1753,1372,3397,1904,1493,3963,2086,1877,3864,2099,1765,3514,1902,1612,3455,1840,1615,4137,2133,2004,4715,2351,2364,4810,2420,2390,4319,2153,2166,3396,1675,1721,2517,1181,1336,1512,704,808,1416,502,914,44.8,43.2,46.7
050,36,115,New York,Washington County,5,60052,30679,29373,2772,1457,1315,5705,2974,2731,2863,1454,1409,4182,2325,1857,50092,25511,24581,48712,24794,23918,20647,11000,9647,14357,7613,6744,16691,8456,8235,13482,6400,7082,2772,1457,1315,2985,1524,1461,3475,1842,1633,3256,1717,1539,3034,1670,1364,3303,1807,1496,3792,1970,1822,3813,2018,1795,3449,1818,1631,3474,1829,1645,3907,2004,1903,4531,2240,2291,4779,2383,2396,4374,2218,2156,3480,1693,1787,2581,1217,1364,1628,762,866,1419,510,909,45.2,43.6,46.9
050,36,115,New York,Washington County,6,59822,30466,29356,2737,1443,1294,5651,2942,2709,2910,1480,1430,4134,2266,1868,49954,25305,24649,48524,24601,23923,20708,10950,9758,14386,7579,6807,16260,8238,8022,13744,6518,7226,2737,1443,1294,2984,1511,1473,3389,1806,1583,3336,1741,1595,2986,1630,1356,3325,1801,1524,3732,1972,1760,3830,1984,1846,3499,1822,1677,3468,1828,1640,3672,1892,1780,4386,2172,2214,4734,2346,2388,4382,2195,2187,3628,1785,1843,2676,1245,1431,1639,769,870,1419,524,895,45.1,43.7,46.8
050,36,115,New York,Washington County,7,59353,30015,29338,2761,1483,1278,5499,2857,2642,2941,1526,1415,4039,2182,1857,49645,24891,24754,48152,24149,24003,20539,10681,9858,14266,7365,6901,15822,7983,7839,14025,6619,7406,2761,1483,1278,2879,1461,1418,3327,1788,1539,3378,1755,1623,2895,1561,1334,3345,1737,1608,3576,1900,1676,3843,1942,1901,3502,1786,1716,3386,1779,1607,3535,1830,1705,4238,2094,2144,4663,2280,2383,4462,2169,2293,3701,1830,1871,2814,1320,1494,1621,751,870,1427,549,878,45.3,43.8,46.9
050,36,117,New York,Wayne County,1,91287,45486,45801,4933,2525,2408,9933,5112,4821,4744,2456,2288,6319,3271,3048,74103,36616,37487,71677,35393,36284,30436,15497,14939,20535,10389,10146,26937,13367,13570,17886,8366,9520,4933,2525,2408,5262,2696,2566,5833,3035,2798,5381,2761,2620,4520,2347,2173,5026,2554,2472,5330,2717,2613,5424,2724,2700,4755,2394,2361,5413,2668,2745,6566,3275,3291,7593,3781,3812,7365,3643,3722,5982,3002,2980,4874,2360,2514,3207,1458,1749,1953,867,1086,1870,679,1191,44.1,42.9,45.4
050,36,117,New York,Wayne County,2,91201,45441,45760,4894,2507,2387,9871,5087,4784,4741,2450,2291,6326,3271,3055,74106,36618,37488,71695,35397,36298,30447,15502,14945,20552,10394,10158,26784,13306,13478,18033,8426,9607,4894,2507,2387,5243,2686,2557,5800,3014,2786,5361,2755,2606,4534,2353,2181,5004,2553,2451,5347,2717,2630,5403,2714,2689,4798,2410,2388,5303,2630,2673,6565,3263,3302,7530,3743,3787,7386,3670,3716,6024,3010,3014,4917,2387,2530,3237,1475,1762,1968,871,1097,1887,683,1204,44.1,42.9,45.4
050,36,117,New York,Wayne County,3,91181,45460,45721,4881,2520,2361,9738,5053,4685,4690,2413,2277,6433,3316,3117,74223,36699,37524,71872,35474,36398,30800,15672,15128,20853,10532,10321,26016,12937,13079,18570,8689,9881,4881,2520,2361,5188,2652,2536,5726,2990,2736,5338,2771,2567,4609,2369,2240,4896,2534,2362,5489,2749,2740,5457,2742,2715,5011,2507,2504,4880,2475,2405,6445,3181,3264,7212,3545,3667,7479,3736,3743,6155,3045,3110,5160,2532,2628,3366,1542,1824,2012,886,1126,1877,684,1193,43.9,42.7,45.2
050,36,117,New York,Wayne County,4,90839,45289,45550,4774,2441,2333,9575,4962,4613,4640,2412,2228,6452,3338,3114,74164,36686,37478,71850,35474,36376,30920,15729,15191,20982,10585,10397,25202,12548,12654,19214,9003,10211,4774,2441,2333,5099,2608,2491,5630,2960,2670,5383,2820,2563,4555,2324,2231,4748,2456,2292,5580,2813,2767,5444,2724,2720,5210,2592,2618,4672,2381,2291,6186,3068,3118,6907,3396,3511,7437,3703,3734,6398,3148,3250,5080,2506,2574,3701,1705,1996,2116,935,1181,1919,709,1210,44.0,42.7,45.2
050,36,117,New York,Wayne County,5,90721,45247,45474,4673,2372,2301,9409,4865,4544,4636,2398,2238,6450,3379,3071,74316,36783,37533,72003,35612,36391,31080,15834,15246,21181,10697,10484,24526,12217,12309,19846,9319,10527,4673,2372,2301,5085,2614,2471,5511,2891,2620,5303,2756,2547,4596,2381,2215,4754,2437,2317,5571,2817,2754,5526,2772,2754,5330,2671,2659,4653,2360,2293,5857,2905,2952,6630,3287,3343,7386,3665,3721,6571,3218,3353,5182,2558,2624,3861,1788,2073,2272,998,1274,1960,757,1203,44.0,42.8,45.2
050,36,117,New York,Wayne County,6,90988,45469,45519,4579,2282,2297,9376,4820,4556,4635,2415,2220,6454,3376,3078,74701,37130,37571,72398,35952,36446,31466,16230,15236,21509,11027,10482,23913,11902,12011,20522,9647,10875,4579,2282,2297,5118,2623,2495,5390,2785,2605,5315,2806,2509,4642,2397,2245,4695,2450,2245,5665,2926,2739,5695,2911,2784,5454,2740,2714,4705,2388,2317,5545,2747,2798,6415,3173,3242,7248,3594,3654,6745,3281,3464,5293,2610,2683,4072,1906,2166,2387,1044,1343,2025,806,1219,44.0,42.9,45.2
050,36,117,New York,Wayne County,7,91250,45662,45588,4450,2165,2285,9368,4856,4512,4554,2368,2186,6447,3350,3097,75216,37499,37717,72878,36273,36605,31797,16453,15344,21870,11288,10582,23355,11637,11718,21206,9998,11208,4450,2165,2285,5169,2670,2499,5273,2739,2534,5300,2767,2533,4627,2398,2229,4806,2534,2272,5722,2954,2768,5772,2984,2788,5570,2816,2754,4861,2504,2357,5159,2540,2619,6287,3121,3166,7048,3472,3576,6902,3352,3550,5493,2699,2794,4206,2014,2192,2480,1075,1405,2125,858,1267,44.1,42.9,45.3
050,36,119,New York,Westchester County,1,1004456,480638,523818,52486,26871,25615,112882,58015,54867,56589,29179,27410,86245,43292,42953,811514,381503,430011,782499,366573,415926,373663,182885,190778,244372,117447,126925,276799,131313,145486,175083,74521,100562,52486,26871,25615,60053,30895,29158,66372,34153,32219,68866,35255,33611,60425,30183,30242,55777,27565,28212,58732,28276,30456,63710,30154,33556,66153,31452,34701,67115,31995,35120,72128,34132,37996,72065,34289,37776,65491,30897,34594,52523,24321,28202,43327,19493,23834,30671,13031,17640,21464,8457,13007,27098,9219,17879,41.2,39.5,42.7
050,36,119,New York,Westchester County,2,1001451,479314,522137,52280,26783,25497,112148,57635,54513,56343,29027,27316,86395,43388,43007,809589,380712,428877,780680,365869,414811,373495,182922,190573,244262,117513,126749,276066,130934,145132,173957,74034,99923,52280,26783,25497,59664,30716,28948,65989,33925,32064,68774,35215,33559,60459,30194,30265,55712,27528,28184,58721,28326,30395,63623,30180,33443,66206,31479,34727,66724,31785,34939,71880,34037,37843,71893,34180,37713,65569,30932,34637,52630,24337,28293,43341,19474,23867,30586,12969,17617,21246,8333,12913,26154,8921,17233,41.2,39.5,42.7
050,36,119,New York,Westchester County,3,1000252,478767,521485,51326,26256,25070,108964,55963,53001,55098,28438,26660,87854,44058,43796,813206,382645,430561,784864,368110,416754,375434,184237,191197,245781,118641,127140,272574,129304,143270,178655,76107,102548,51326,26256,25070,58165,29938,28227,64098,32925,31173,68602,35117,33485,61051,30479,30572,55954,27632,28322,59284,28732,30552,63851,30479,33372,66692,31798,34894,64934,30876,34058,70976,33662,37314,70713,33556,37157,65951,31210,34741,53694,24858,28836,45127,20242,24885,31349,13371,17978,21832,8522,13310,26653,9114,17539,41.3,39.7,42.8
050,36,119,New York,Westchester County,4,994313,475997,518316,51068,26112,24956,105466,54245,51221,54420,28128,26292,87077,43644,43433,811206,381942,429264,783359,367512,415847,371747,182726,189021,243460,117740,125720,269948,128178,141770,182874,77950,104924,51068,26112,24956,56328,28906,27422,62348,32125,30223,68048,34880,33168,60239,30106,30133,54853,27259,27594,58710,28527,30183,63127,30148,32979,66770,31806,34964,64693,30834,33859,69518,33021,36497,69731,33048,36683,66006,31275,34731,54739,25275,29464,44915,20180,24735,33745,14453,19292,22479,8811,13668,26996,9231,17765,41.7,40.0,43.2
050,36,119,New York,Westchester County,5,998335,477876,520459,51247,26109,25138,103714,53336,50378,53703,27720,25983,88330,44253,44077,817226,384944,432282,789671,370711,418960,374120,184006,190114,244845,118635,126210,268445,127403,141042,188051,80420,107631,51247,26109,25138,55693,28602,27091,60779,31336,29443,67901,34645,33256,61374,30726,30648,55169,27523,27646,58899,28517,30382,63338,30480,32858,67439,32115,35324,65073,30991,34082,68302,32503,35799,69014,32659,36355,66056,31250,34806,56203,26044,30159,45548,20474,25074,34914,15085,19829,23852,9381,14471,27534,9436,18098,41.9,40.2,43.4
050,36,119,New York,Westchester County,6,1009165,483007,526158,52340,26517,25823,102744,52889,49855,53446,27485,25961,90290,45223,45067,828562,390395,438167,800635,376116,424519,379628,186632,192996,248443,120456,127987,267887,127245,140642,194015,83192,110823,52340,26517,25823,55517,28518,26999,59778,30903,28875,67700,34481,33219,63485,31695,31790,56494,28078,28416,59856,29108,30748,64179,30870,33309,67914,32400,35514,66014,31476,34538,67111,32133,34978,68354,32172,36182,66408,31464,34944,57696,26828,30868,46473,20923,25550,36786,15921,20865,24781,9862,14919,28279,9658,18621,41.9,40.2,43.4
050,36,119,New York,Westchester County,7,1015743,485947,529796,52806,26847,25959,101951,52257,49694,52321,26953,25368,90720,45376,45344,836126,393945,442181,808665,379890,428775,382113,187864,194249,251228,121806,129422,266932,126804,140128,199785,85904,113881,52806,26847,25959,55128,28159,26969,58979,30369,28610,66685,34034,32651,64200,32024,32176,58280,28930,29350,59893,28909,30984,64985,31478,33507,68070,32489,35581,66807,31997,34810,65811,31425,34386,68078,32108,35970,66236,31274,34962,58942,27482,31460,47553,21462,26091,38509,16701,21808,25822,10365,15457,28959,9894,19065,42.0,40.3,43.5
050,36,121,New York,Wyoming County,1,40546,21821,18725,1854,929,925,3896,2007,1889,1888,965,923,2955,1692,1263,33899,18427,15472,32908,17920,14988,14925,8727,6198,10492,6267,4225,11789,6278,5511,7672,3683,3989,1854,929,925,2104,1083,1021,2202,1121,1081,2301,1207,1094,2132,1253,879,2659,1622,1037,2826,1696,1130,2708,1646,1062,2299,1303,996,2499,1379,1120,2872,1575,1297,3283,1750,1533,3135,1574,1561,2636,1373,1263,2006,989,1017,1373,663,710,869,393,476,788,265,523,43.1,41.3,45.7
050,36,121,New York,Wyoming County,2,40264,21592,18672,1843,934,909,3854,1981,1873,1880,959,921,2935,1676,1259,33669,18223,15446,32687,17718,14969,14747,8567,6180,10361,6141,4220,11673,6194,5479,7718,3707,4011,1843,934,909,2083,1069,1014,2200,1121,1079,2264,1182,1082,2122,1244,878,2613,1590,1023,2784,1650,1134,2687,1621,1066,2277,1280,997,2458,1354,1104,2837,1549,1288,3242,1717,1525,3136,1574,1562,2640,1372,1268,2028,1001,1027,1385,665,720,877,401,476,788,268,520,43.3,41.4,45.7
050,36,121,New York,Wyoming County,3,40125,21458,18667,1844,942,902,3768,1922,1846,1839,932,907,3027,1719,1308,33619,18152,15467,32674,17662,15012,14688,8489,6199,10298,6075,4223,11401,6053,5348,7948,3815,4133,1844,942,902,2023,1019,1004,2221,1140,1081,2171,1114,1057,2219,1300,919,2526,1543,983,2732,1589,1143,2706,1612,1094,2334,1331,1003,2318,1290,1028,2782,1517,1265,3142,1643,1499,3159,1603,1556,2676,1379,1297,2170,1080,1090,1415,667,748,916,426,490,771,263,508,43.3,41.6,45.8
050,36,121,New York,Wyoming County,4,39824,21283,18541,1826,947,879,3748,1913,1835,1778,898,880,3000,1692,1308,33365,17975,15390,32472,17525,14947,14585,8416,6169,10226,6039,4187,11058,5887,5171,8188,3907,4281,1826,947,879,2015,1006,1009,2152,1120,1032,2177,1122,1055,2182,1255,927,2444,1505,939,2703,1579,1124,2667,1580,1087,2412,1375,1037,2208,1218,990,2732,1507,1225,2982,1542,1440,3136,1620,1516,2733,1378,1355,2208,1108,1100,1518,705,813,947,436,511,782,280,502,43.5,41.8,45.9
050,36,121,New York,Wyoming County,5,39750,21266,18484,1804,936,868,3676,1862,1814,1749,880,869,2983,1691,1292,33421,18030,15391,32521,17588,14933,14590,8449,6141,10293,6104,4189,10735,5764,4971,8510,4029,4481,1804,936,868,1992,999,993,2119,1089,1030,2106,1080,1026,2191,1265,926,2407,1488,919,2719,1607,1112,2698,1593,1105,2469,1416,1053,2192,1223,969,2608,1432,1176,2860,1519,1341,3075,1590,1485,2847,1404,1443,2267,1132,1135,1557,717,840,1014,466,548,825,310,515,43.6,41.9,46.1
050,36,121,New York,Wyoming County,6,39817,21384,18433,1788,929,859,3595,1804,1791,1790,928,862,2886,1621,1265,33537,18171,15366,32644,17723,14921,14673,8559,6114,10449,6255,4194,10556,5697,4859,8753,4150,4603,1788,929,859,1949,965,984,2098,1084,1014,2073,1079,994,2151,1225,926,2497,1590,907,2658,1590,1068,2779,1630,1149,2515,1445,1070,2214,1254,960,2501,1394,1107,2791,1484,1307,3050,1565,1485,2861,1414,1447,2351,1188,1163,1605,739,866,1086,497,589,850,312,538,43.7,42.0,46.3
050,36,121,New York,Wyoming County,7,39741,21319,18422,1741,899,842,3566,1776,1790,1746,917,829,2866,1587,1279,33551,18175,15376,32688,17727,14961,14725,8617,6108,10533,6332,4201,10245,5534,4711,9044,4274,4770,1741,899,842,1914,946,968,2072,1049,1023,2081,1098,983,2111,1187,924,2562,1641,921,2597,1566,1031,2863,1662,1201,2511,1463,1048,2238,1266,972,2332,1294,1038,2716,1440,1276,2959,1534,1425,2891,1407,1484,2431,1222,1209,1712,819,893,1086,489,597,924,337,587,43.8,42.1,46.3
050,36,123,New York,Yates County,1,24770,12113,12657,1610,839,771,2868,1451,1417,1178,564,614,2738,1296,1442,19709,9545,10164,19114,9259,9855,8471,4156,4315,4857,2450,2407,6074,2964,3110,5445,2549,2896,1610,839,771,1577,792,785,1593,813,780,1797,803,994,1817,903,914,1314,673,641,1212,625,587,1212,614,598,1119,538,581,1147,561,586,1317,667,650,1752,837,915,1858,899,959,1773,832,941,1454,760,694,989,465,524,593,275,318,636,217,419,41.1,40.0,42.3
050,36,123,New York,Yates County,2,24735,12104,12631,1603,841,762,2862,1454,1408,1186,568,618,2726,1283,1443,19681,9528,10153,19084,9241,9843,8471,4150,4321,4860,2448,2412,6029,2946,3083,5469,2564,2905,1603,841,762,1563,784,779,1600,819,781,1781,791,990,1830,911,919,1301,664,637,1225,631,594,1217,613,604,1117,540,577,1129,553,576,1320,673,647,1733,825,908,1847,895,952,1778,835,943,1466,760,706,994,472,522,600,276,324,631,221,410,41.1,40.0,42.2
050,36,123,New York,Yates County,3,24574,12053,12521,1629,855,774,2835,1441,1394,1206,570,636,2550,1215,1335,19496,9466,10030,18904,9187,9717,8321,4111,4210,4877,2472,2405,5954,2895,3059,5523,2605,2918,1629,855,774,1525,750,775,1622,837,785,1668,740,928,1776,899,877,1232,645,587,1256,637,619,1264,634,630,1125,556,569,1085,519,566,1328,673,655,1659,795,864,1882,908,974,1808,858,950,1512,771,741,991,484,507,612,269,343,600,223,377,41.4,40.2,42.6
050,36,123,New York,Yates County,4,24455,11993,12462,1615,843,772,2798,1424,1374,1211,574,637,2490,1176,1314,19419,9421,9998,18831,9152,9679,8286,4101,4185,4899,2513,2386,5765,2796,2969,5677,2667,3010,1615,843,772,1517,760,757,1595,826,769,1670,731,939,1717,857,860,1239,657,582,1264,645,619,1264,642,622,1132,569,563,1072,517,555,1281,624,657,1550,759,791,1862,896,966,1820,856,964,1517,750,767,1091,549,542,646,290,356,603,222,381,41.5,40.3,42.7
050,36,123,New York,Yates County,5,24367,11973,12394,1633,842,791,2753,1396,1357,1229,631,598,2390,1087,1303,19356,9396,9960,18752,9104,9648,8236,4107,4129,4921,2558,2363,5605,2700,2905,5836,2759,3077,1633,842,791,1499,773,726,1558,792,766,1668,764,904,1647,785,862,1262,705,557,1267,634,633,1234,644,590,1158,575,583,1065,521,544,1242,594,648,1450,722,728,1848,863,985,1825,884,941,1570,749,821,1134,580,554,696,333,363,611,213,398,41.7,40.4,43.1
050,36,123,New York,Yates County,6,24434,12015,12419,1592,825,767,2755,1396,1359,1268,659,609,2337,1045,1292,19444,9449,9995,18819,9135,9684,8291,4164,4127,5016,2627,2389,5479,2634,2845,5987,2829,3158,1592,825,767,1538,797,741,1547,766,781,1698,798,900,1577,739,838,1330,744,586,1290,645,645,1208,650,558,1188,588,600,1069,525,544,1176,550,626,1412,705,707,1822,854,968,1839,908,931,1595,736,859,1178,608,570,743,360,383,632,217,415,41.8,40.4,43.1
050,36,123,New York,Yates County,7,24547,12044,12503,1576,813,763,2728,1373,1355,1273,675,598,2372,1021,1351,19594,9522,10072,18970,9183,9787,8432,4191,4241,5100,2658,2442,5353,2588,2765,6145,2916,3229,1576,813,763,1537,797,740,1504,739,765,1773,837,936,1559,696,863,1401,773,628,1262,647,615,1222,645,577,1215,593,622,1093,542,551,1131,538,593,1378,683,695,1751,825,926,1833,904,929,1676,792,884,1219,617,602,766,377,389,651,226,425,41.8,40.6,42.8
